t(s),Total retention volume 1,Total retention volume 2,Total retention volume 3
0.1,3.024521216291612e+17,0.0,0.0
0.21000000000000002,7.586675739889289e+17,0.0,0.0
0.33100000000000007,1.277501744132389e+18,0.0,0.0
0.46410000000000007,1.8361804698013448e+18,0.0,0.0
0.6105100000000001,2.431880672867206e+18,0.0,0.0
0.7715610000000002,3.075655950845355e+18,0.0,0.0
0.9179710000000002,3.650165622194983e+18,0.0,0.0
1.0790220000000001,4.277523962254806e+18,0.0,0.0
1.225432,4.842647980083954e+18,0.0,0.0
1.3864830000000001,5.462614466931929e+18,0.0,0.0
1.532893,6.023274805191833e+18,0.0,0.0
1.6939440000000001,6.63928611262524e+18,0.0,0.0
1.840354,7.197326208345661e+18,0.0,0.0
2.001405,7.810759745473057e+18,0.0,0.0
2.147815,8.366944349149891e+18,0.0,0.0
2.308866,8.978410233865002e+18,0.0,0.0
2.455276,9.533067545055988e+18,0.0,0.0
2.616327,1.0142829576987419e+19,0.0,0.0
2.762737,1.0696074534300297e+19,0.0,0.0
2.923788,1.1304211552473557e+19,0.0,0.0
3.1009441,1.197336085417618e+19,0.0,0.0
3.2619951,1.2580471383874228e+19,0.0,0.0
3.4391512,1.3247664957734015e+19,0.0,0.0
3.6002022,1.385276589640921e+19,0.0,0.0
3.7773583,1.4517434759565206e+19,0.0,0.0
3.9384093,1.5120203090480261e+19,0.0,0.0
4.1155654,1.5782077121112742e+19,0.0,0.0
4.3104371100000005,1.6509191799557399e+19,0.0,0.0
4.487593210000001,1.7168699518337337e+19,0.0,0.0
4.682464920000001,1.7895247516534133e+19,0.0,0.0
4.896823801000001,1.870172043865536e+19,0.0,0.0
5.132618570100001,1.959304216989463e+19,0.0,0.0
5.346977451100001,2.0388839087463907e+19,0.0,0.0
5.541849161100001,2.109363093625603e+19,0.0,0.0
5.756208042100001,2.186027574323921e+19,0.0,0.0
5.992002811200001,2.2709330156847608e+19,0.0,0.0
6.206361692200001,2.348441990830691e+19,0.0,0.0
6.401233402200001,2.4183115114296844e+19,0.0,0.0
6.615592283200001,2.4938208446924448e+19,0.0,0.0
6.851387052300001,2.5758390445719593e+19,0.0,0.0
7.065745933300001,2.6500836952456995e+19,0.0,0.0
7.260617643300001,2.7172743580976243e+19,0.0,0.0
7.474976524300001,2.7903541646618644e+19,0.0,0.0
7.710771293400001,2.8694419511769534e+19,0.0,0.0
7.970145539410001,2.9551629175868797e+19,0.0,0.0
8.205940308510002,3.032061692205025e+19,0.0,0.0
8.420299189510002,3.1009117220041814e+19,0.0,0.0
8.656093958610002,3.175215229323135e+19,0.0,0.0
8.870452839610003,3.241525375739942e+19,0.0,0.0
9.065324549610002,3.3007531572984095e+19,0.0,0.0
9.279683430610003,3.3645715979681124e+19,0.0,0.0
9.515478199710003,3.4330679846876664e+19,0.0,0.0
9.729837080710004,3.4938360244532638e+19,0.0,0.0
9.924708790710003,3.5477794547710198e+19,0.0,0.0
10.139067671710004,3.6055089030295376e+19,0.0,0.0
10.374862440810004,3.6670012003090588e+19,0.0,0.0
10.589221321810005,3.7211371695394914e+19,0.0,0.0
10.825016090910005,3.778520476663429e+19,0.0,0.0
11.084390336920006,3.8389471867149705e+19,0.0,0.0
11.320185106020006,3.891521756432873e+19,0.0,0.0
11.579559352030007,3.946475753663028e+19,0.0,0.0
11.815354121130007,3.9939401268173046e+19,0.0,0.0
12.074728367140008,4.043128474313379e+19,0.0,0.0
12.360040037751007,4.093537658730024e+19,0.0,0.0
12.619414283761007,4.136204442000201e+19,0.0,0.0
12.904725954372006,4.1793536507845665e+19,0.0,0.0
13.218568792044106,4.222260298851239e+19,0.0,0.0
13.563795913483416,4.264005993637674e+19,0.0,0.0
13.943545747066658,4.3034693424923484e+19,0.0,0.0
14.361270564008223,4.339328086723166e+19,0.0,0.0
14.820767862643944,4.3700843909206245e+19,0.0,0.0
15.326214891143238,4.394126184084358e+19,0.0,0.0
15.882206622492461,4.409825322859948e+19,0.0,0.0
16.493797526976607,4.415616717828563e+19,0.0,0.0
17.16654752190917,4.410017239905234e+19,0.0,0.0
17.906572516334986,4.3915336633775055e+19,0.0,0.0
18.720600010203384,4.358314394446445e+19,0.0,0.0
19.61603025345862,4.3074141759592866e+19,0.0,0.0
20.601003521039384,4.233775654058623e+19,0.0,0.0
21.684474115378222,4.12944672159162e+19,0.0,0.0
22.876291769150946,3.983930467380208e+19,0.0,0.0
24.187291188300943,3.7864836867681034e+19,0.0,0.0
25.629390549365937,3.5302921002326864e+19,0.0,0.0
27.215699846537433,3.2169537571637735e+19,0.0,0.0
28.960640073426077,2.8586736539601584e+19,0.0,0.0
30.880074323003587,2.476384961166911e+19,0.0,0.0
32.991451997538846,2.094560949705646e+19,0.0,0.0
35.31396743952763,1.7354155904916773e+19,0.0,0.0
37.868734425715296,1.4141504827316156e+19,0.0,0.0
40.678978110521726,1.1367460177742911e+19,0.0,0.0
43.7702461638088,9.035278594439845e+18,0.0,0.0
47.17064102242458,7.129486469300256e+18,0.0,0.0
50.91107536690195,5.609379922122618e+18,0.0,0.0
55.02555314582705,4.415684866515547e+18,0.0,0.0
59.55147870264466,3.4894264350379095e+18,0.0,0.0
64.52999681514403,2.7795238802318275e+18,0.0,0.0
69.52999681514403,2.2837742053412777e+18,0.0,0.0
74.52999681514403,1.9336712545643436e+18,-1.63e-322,0.0
79.52999681514403,1.6827100932409267e+18,1.0806276809906637e-287,5.9451614779115e-311
84.52999681514403,1.5009292905015468e+18,3.082230254963106e-255,3.0420535673733777e-276
89.52999681514403,1.3684926714314816e+18,-1.722487079868562e-225,-1.4574381197814216e-244
94.52999681514403,1.2718802817761114e+18,1.5498657540646593e-196,6.224770099518025e-214
99.52999681514403,1.2016652711123415e+18,5.857137195429795e-168,6.829181939143062e-184
104.52999681514403,1.1815796340265347e+18,-4.186777802575819e-160,-1.0314178590439756e-175
110.02999681514403,1.1890817296725647e+18,5.552350366582806e-152,8.120130842754282e-167
116.07999681514403,1.2131416193854467e+18,-4.979897325159904e-145,-3.61556426354941e-159
122.73499681514403,1.2484271157817124e+18,-1.5955147534900581e-136,-5.261697130256502e-150
130.05549681514404,1.2921917890039483e+18,-4.911726342492545e-128,-6.830840146308706e-141
138.10804681514404,1.3429133741121692e+18,-1.5938806121408433e-118,-8.721646029757613e-131
146.96585181514405,1.399716802099561e+18,3.1967221236798036e-106,6.445169290708465e-118
156.70943731514404,1.4621044501690127e+18,8.066818666904568e-98,5.630467680747725e-109
167.42738136514404,1.5298151498456054e+18,1.4204642036231079e-90,3.234968054694944e-101
179.21711982014406,1.6027456115243912e+18,4.319188525345525e-84,3.0339356225675823e-94
192.18583212064408,1.6809041603446098e+18,3.4630166344174245e-78,7.112161913997837e-88
206.45141565119408,1.7643825117081539e+18,9.407104135658399e-73,5.368713671469739e-82
222.1435575347991,1.8533381669060017e+18,1.024045348713058e-67,1.5474290542954037e-76
239.4049136067646,1.9479833420550262e+18,5.044004987447788e-63,1.9274551955315147e-71
258.39240528592666,2.0485780763712643e+18,1.2331848445187717e-58,1.1407030444540888e-66
278.39240528592666,2.1510315478061563e+18,1.0884869414515314e-55,1.6138121656603038e-63
298.39240528592666,2.2503303863612465e+18,6.381252946802168e-54,1.0805010218825275e-61
318.39240528592666,2.346781599885691e+18,2.052107873342399e-52,3.912285360670206e-60
338.39240528592666,2.4406522441822566e+18,4.639082104075073e-51,9.892720979587027e-59
358.39240528592666,2.532174466225509e+18,8.168844180670681e-50,1.9404555141696844e-57
378.39240528592666,2.6215504802154675e+18,1.1854434092521838e-48,3.1274699724799103e-56
398.39240528592666,2.7089570348271846e+18,1.4693254344913614e-47,4.295322726744893e-55
418.39240528592666,2.794549259941323e+18,1.5944284899065435e-46,5.154967042892966e-54
438.39240528592666,2.878463914304551e+18,1.5424507517230246e-45,5.506506322592191e-53
458.39240528592666,2.9608221029028137e+18,1.348830561050437e-44,5.309523726204154e-52
478.39240528592666,3.041731543382331e+18,1.077954827157891e-43,4.672908179312623e-51
498.39240528592666,3.121288456522106e+18,7.943211664563282e-43,3.7877130196437084e-50
518.3924052859267,3.5707312171572106e+18,6.443163102838212e-43,7.080852248794749e-50
523.3924052859267,3.7488534054354284e+18,6.089598060601433e-43,7.838511803720501e-50
528.3924052859267,3.991357407220515e+18,5.775929238231013e-43,8.5151310567164e-50
533.3924052859267,4.318017121632732e+18,5.5189744155213184e-43,9.107941679441805e-50
538.3924052859267,4.764168606676387e+18,5.31844156287227e-43,9.620838592715694e-50
543.3924052859267,5.388786306315826e+18,5.166880351354675e-43,1.0062302200713876e-49
548.3924052859267,6.291775134182404e+18,5.054906848386878e-43,1.044380620048543e-49
553.3924052859267,7.648175277172483e+18,4.973597475824882e-43,1.077855756166643e-49
558.3924052859267,9.776916373576692e+18,4.915391005362551e-43,1.108053245298484e-49
563.3924052859267,1.3280316466838045e+19,4.874262082578419e-43,1.1363690030274673e-49
568.3924052859267,1.930836660912142e+19,4.845579821476266e-43,1.1641102067514531e-49
573.3924052859267,2.9764937477112467e+19,4.825862891809924e-43,1.1923567914769075e-49
578.3924052859267,4.578420446691428e+19,4.812530121756232e-43,1.2217299268025716e-49
583.3924052859267,6.501426386793786e+19,4.803685814023634e-43,1.2520937477294825e-49
588.3924052859267,8.535086565655613e+19,4.797949165003208e-43,1.2823692073568574e-49
592.9378598313812,9.881546066109075e+19,4.7945104755947675e-43,1.308387940300653e-49
597.0700912363399,1.0379386059864816e+20,4.7924144905982204e-43,1.3295349771104138e-49
600.8266652408478,1.0286129772248585e+20,4.791019912153666e-43,1.3443936901084279e-49
604.2417325176731,1.024201381751274e+20,4.7898188978712075e-43,1.3510504544836717e-49
607.998306522181,1.0206705664503634e+20,4.788511026979676e-43,1.356893035956149e-49
612.1305379271397,1.0175668381861994e+20,4.787077318964511e-43,1.3629425306837822e-49
616.6759924725942,1.0147157422571302e+20,4.785504495272987e-43,1.3693771822965844e-49
621.6759924725942,1.0120232704330347e+20,4.783779184115107e-43,1.3762381710920702e-49
627.1759924725942,1.0094318003645648e+20,4.7818870187464384e-43,1.3835485952134867e-49
633.2259924725942,1.0069031787347232e+20,4.77981235357973e-43,1.3913286829584187e-49
639.8809924725941,1.00441084866638e+20,4.777538162389741e-43,1.3995996087283284e-49
647.2014924725942,1.0019354616756283e+20,4.7750459315586115e-43,1.4083838013205823e-49
655.2540424725942,9.994623240941368e+19,4.772315547762542e-43,1.4177052631491878e-49
664.1118474725941,9.969798595673827e+19,4.7693251803364565e-43,1.4275899248851857e-49
673.8554329725941,9.944786536726212e+19,4.766051158684363e-43,1.4380660305967162e-49
684.5733770225942,9.919508412139535e+19,4.7624678452542446e-43,1.4491645492505383e-49
696.3631154775942,9.893897007227034e+19,4.758547504770393e-43,1.4609196107700952e-49
709.3318277780942,9.867893779515058e+19,4.754260170613631e-43,1.47336896840159e-49
723.5974113086442,9.841446922240655e+19,4.749573509463706e-43,1.4865544936046212e-49
739.2895531922492,9.814509977203376e+19,4.744452685570013e-43,1.5005227145951248e-49
756.5509092642147,9.787040823042982e+19,4.738860226298776e-43,1.5153254145154066e-49
775.5384009433768,9.759000927265273e+19,4.732755890918742e-43,1.5310203095551797e-49
796.4246417904551,9.730354788182052e+19,4.7260965449329784e-43,1.54767183095579e-49
819.3995067222412,9.701069516635913e+19,4.718836042641046e-43,1.5653520377125778e-49
844.671858147206,9.671114522665409e+19,4.710925121019278e-43,1.5841416892221988e-49
872.4714447146672,9.6404612823901e+19,4.7023113084332935e-43,1.6041315095736124e-49
903.0509899388745,9.609083167255111e+19,4.692938852136363e-43,1.6254236782213377e-49
936.6884896855025,9.57695532252051e+19,4.682748668952133e-43,1.6481335859741738e-49
973.6897394067934,9.544054585212967e+19,4.671678323975412e-43,1.6723919010892546e-49
1014.3911141002134,9.51035943413755e+19,4.659662042536978e-43,1.698346998225411e-49
1059.1626262629752,9.475849966257286e+19,4.6466307610477054e-43,1.726167813518267e-49
1108.4112896420133,9.440507894994793e+19,4.632512222643111e-43,1.7560472026105707e-49
1162.5848193589554,9.404316566918478e+19,4.6172311237672254e-43,1.7882058958105182e-49
1222.1757020475916,9.367260993940765e+19,4.6007093179359095e-43,1.8228971666603508e-49
1287.7256730050913,9.329327898638634e+19,4.582866082875909e-43,1.8604123584876283e-49
1359.8306410583411,9.290505770656956e+19,4.56361845701379e-43,1.9010874499290523e-49
1439.146105916916,9.250784932403126e+19,4.542881650857112e-43,1.945310887608345e-49
1526.3931172613482,9.210157612418364e+19,4.52056953813689e-43,1.9935329756873632e-49
1622.3648297402237,1.1994155846304955e+20,4.367887171428836e-43,1.839528384555451e-49
1627.3648297402237,1.0368034018469762e+20,4.3571672731279155e-43,1.8123265836078795e-49
1632.3648297402237,7.928289918187774e+19,4.342620680225836e-43,1.7861699453791954e-49
1637.3648297402237,5.574140596062596e+19,4.323579783346537e-43,1.7675111518094726e-49
1642.3648297402237,3.793319241380393e+19,4.299859625160305e-43,1.7590119860779116e-49
1647.3648297402237,2.6259432376121848e+19,4.272260322180763e-43,1.762427335721896e-49
1652.3648297402237,1.8994328659481416e+19,4.2434365152248404e-43,1.780079362888261e-49
1657.3648297402237,1.4426810520656638e+19,4.219284829522516e-43,1.8156207019432998e-49
1662.3648297402237,1.1462610125749608e+19,4.2111205741691776e-43,1.874323455754864e-49
1667.3648297402237,9.471104076245385e+18,4.2391270855757735e-43,1.9634408802987633e-49
1672.3648297402237,8.088393238403318e+18,4.338039221976422e-43,2.0930633194412128e-49
1677.3648297402237,7.098689694880962e+18,4.567188773722185e-43,2.2777439651189176e-49
1682.3648297402237,6.369871259121352e+18,5.030046454822213e-43,2.539305234025117e-49
1687.3648297402237,5.818547237499826e+18,5.916670321861411e-43,2.9117062336938988e-49
1692.3648297402237,5.390663808212153e+18,7.607470726589762e-43,3.449807583135685e-49
1697.3648297402237,5.050375597994245e+18,1.0963066404331698e-42,4.245866127567294e-49
1702.3648297402237,4.805379127810818e+18,1.6229720625409554e-42,5.364149398114477e-49
1707.8648297402237,4.636127007746312e+18,2.301483247168359e-42,6.992770985579077e-49
1713.9148297402237,4.5148328935488947e+18,3.247987961104296e-42,9.393613260652161e-49
1720.5698297402237,4.4255238628912246e+18,4.665725760982133e-42,1.3030116181148125e-48
1727.8903297402237,4.359212646428853e+18,6.910584501023122e-42,1.8702680905301814e-48
1735.9428797402238,4.310494343559532e+18,1.065789483480193e-41,2.7805068342117417e-48
1744.800684740224,4.2759357123691597e+18,1.7275978215898986e-41,4.278631618448973e-48
1754.544270240224,4.2532799611688417e+18,2.972806831930628e-41,6.800470927226232e-48
1765.262214290224,4.2410147549775263e+18,5.49330056942014e-41,1.1146364235645345e-47
1777.0519527452238,4.2381236010571535e+18,1.1052633531350003e-40,1.8900757465874265e-47
1790.020665045724,4.243934703503007e+18,2.4639001238804756e-40,3.368777750371952e-47
1804.286248576274,4.258025312048427e+18,6.22507471889961e-40,6.576489033235784e-47
1819.978390459879,4.280159223628659e+18,1.8379322313667203e-39,1.5230972221502725e-46
1837.2397465318445,4.310244886507506e+18,6.62056846752277e-39,4.6822576556558375e-46
1856.2272382110066,4.348306751115481e+18,3.0991267405309e-38,2.124684017289205e-45
1876.2272382110066,4.3923784592357094e+18,1.695326324033604e-37,1.244097185546786e-44
1896.2272382110066,4.4393791431284823e+18,8.754334972918472e-37,7.054594319619945e-44
1916.2272382110066,4.4885658901374013e+18,4.285725425008971e-36,3.809681015529532e-43
1936.2272382110066,4.539400549301409e+18,1.9965681211621447e-35,1.957569966882982e-42
1956.2272382110066,4.591484998168099e+18,8.880318858084271e-35,9.593469623409325e-42
1976.2272382110066,4.644519344123835e+18,3.7819693816464476e-34,4.496362156115616e-41
1996.2272382110066,4.698274155655602e+18,1.546232520669003e-33,2.02071347044638e-40
2016.2272382110066,4.752571543985628e+18,6.08281980238618e-33,8.728368452705584e-40
2036.2272382110066,4.807271982693768e+18,2.3073608150140438e-32,3.631405241594246e-39
2056.227238211007,4.862264939772335e+18,8.455292858187218e-32,1.4580462275853582e-38
2076.227238211007,4.917462099144291e+18,2.9984246466004107e-31,5.659641588693885e-38
2096.227238211007,4.972792376276809e+18,1.0306087375719227e-30,2.1272962084457554e-37
2116.227238211007,5.356291498081801e+18,8.76295393281561e-31,3.6732897597366833e-37
2121.227238211007,5.51183664645312e+18,8.322222035653232e-31,4.027575731358335e-37
2126.227238211007,5.725379698513303e+18,7.907369643914269e-31,4.342668822276177e-37
2131.227238211007,6.012358588145096e+18,7.558068198031136e-31,4.617862514138509e-37
2136.227238211007,6.40118340504246e+18,7.280871361062824e-31,4.855356833799953e-37
2141.227238211007,6.939185267853317e+18,7.068860842692184e-31,5.059237396383038e-37
2146.227238211007,7.705616615519364e+18,6.9107594756558974e-31,5.234791785654471e-37
2151.227238211007,8.837135972459526e+18,6.795047191880069e-31,5.387989158245514e-37
2156.227238211007,1.0578521802830418e+19,6.711622281560439e-31,5.525093413181796e-37
2161.227238211007,1.3385414334871628e+19,6.652268793907047e-31,5.652368040078283e-37
2166.227238211007,1.8129457433001828e+19,6.610585953365676e-31,5.77578298797698e-37
2171.227238211007,2.640495627114094e+19,6.581715511530881e-31,5.9005614991321406e-37
2176.227238211007,4.0101234714313785e+19,6.562029347037603e-31,6.030356404751304e-37
2181.227238211007,5.829003221582932e+19,6.548846860437752e-31,6.165992512196474e-37
2186.227238211007,7.85663959039315e+19,6.540204293148694e-31,6.3042612266577096e-37
2190.7726927564613,9.534673164842838e+19,6.5349665929062645e-31,6.426635928516773e-37
2194.90492416142,1.0405275422222749e+20,6.531738323769344e-31,6.529255153574501e-37
2198.6614981659277,1.0613335693077298e+20,6.529714807219321e-31,6.6114177181851e-37
2202.0765654427532,1.0527789915068246e+20,6.528174634251881e-31,6.657623163622438e-37
2205.181172058049,1.0483600258528721e+20,6.526818823645886e-31,6.682772678827641e-37
2208.5962393348746,1.0448068040607674e+20,6.525337668272664e-31,6.706361879447523e-37
2212.3528133393825,1.0416978530972547e+20,6.523712942173513e-31,6.731073495739782e-37
2216.485044744341,1.0388555534737655e+20,6.5219298973942335e-31,6.757440690507828e-37
2221.0304992897954,1.036182035014667e+20,6.519973270232974e-31,6.785615056253529e-37
2226.0304992897954,1.0336169360220529e+20,6.5178265822859435e-31,6.815694142103412e-37
2231.5304992897954,1.0311202717688801e+20,6.51547186672477e-31,6.847765357279406e-37
2237.5804992897956,1.028664251287936e+20,6.512889546258312e-31,6.881918879595587e-37
2244.235499289796,1.026228697883709e+20,6.5100583041856305e-31,6.918248644349296e-37
2251.5559992897956,1.023798362481871e+20,6.506954947863732e-31,6.956853402981282e-37
2259.6085492897955,1.021361292963704e+20,6.503554264668576e-31,6.9978379485572635e-37
2268.4663542897956,1.018907815477866e+20,6.4998288706544185e-31,7.04131449060844e-37
2278.2099397897955,1.0164298800561973e+20,6.495749052267596e-31,7.0874041593353214e-37
2288.9278838397954,1.0139206282230818e+20,6.491282601646555e-31,7.1362386223197746e-37
2300.7176222947955,1.0113740992198646e+20,6.486394646244234e-31,7.187961805245397e-37
2313.6863345952956,1.00878502514391e+20,6.481047473742526e-31,7.242731721330112e-37
2327.9519181258456,1.0061486847879705e+20,6.4752003534952885e-31,7.300722431053783e-37
2343.6440600094506,1.003460797371507e+20,6.468809356038295e-31,7.362126172526082e-37
2360.905416081416,1.0007174441388525e+20,6.461827172544882e-31,7.427155721458583e-37
2379.892907760578,9.979150099203133e+19,6.454202936486335e-31,7.496047056400233e-37
2400.779148607656,9.950501393214374e+19,6.445882050177909e-31,7.569062418585916e-37
2423.7540135394424,9.921197038518778e+19,6.43680601935297e-31,7.646493866325238e-37
2449.026364964407,9.891207773881511e+19,6.426912299407175e-31,7.728667432208448e-37
2476.825951531868,9.860506180949723e+19,6.416134157485899e-31,7.815947999173867e-37
2507.4054967560755,9.829066554322757e+19,6.404400555143562e-31,7.908745020685781e-37
2541.0429965027038,9.796864812275227e+19,6.391636056873145e-31,8.00751922291869e-37
2578.044246223995,9.763878440434406e+19,6.377760770373111e-31,8.112790444672632e-37
2618.7456209174147,9.730086462521008e+19,6.362690324972143e-31,8.22514679518975e-37
2663.517133080177,9.69546943357302e+19,6.346335895147513e-31,8.345255342404624e-37
2712.765796459215,9.660009452037721e+19,6.328604276527536e-31,8.473874585908946e-37
2766.939326176157,9.623690187822999e+19,6.309398022134041e-31,8.61186902204341e-37
2826.530208864793,9.586496923919409e+19,6.288615646864587e-31,8.760226175927541e-37
2892.080179822293,9.548416609583843e+19,6.266151908302233e-31,8.920076561005754e-37
2964.1851478755425,9.509437923348442e+19,6.241898171833511e-31,9.092717136513414e-37
3043.500612734117,9.469551344312879e+19,6.215742867714215e-31,9.27963897485466e-37
3130.7476240785495,9.428749230316108e+19,6.187572047107295e-31,9.482560034542043e-37
3226.719336557425,8.594613423894408e+19,5.9314952798573774e-31,8.702478198394422e-37
3231.719336557425,7.323465934888445e+19,5.914029834129056e-31,8.613528123936543e-37
3236.719336557425,5.674921431513191e+19,5.891095905162683e-31,8.538656576955917e-37
3241.719336557425,4.155399306062919e+19,5.862215466010521e-31,8.498446301837627e-37
3246.719336557425,3.0063193080214323e+19,5.827997775447034e-31,8.501860023530661e-37
3251.719336557425,2.231770851986025e+19,5.79105950918234e-31,8.558151198586298e-37
3256.719336557425,1.7290244836128719e+19,5.757557296462815e-31,8.681000777478993e-37
3261.719336557425,1.4004039754950214e+19,5.739589279135316e-31,8.889807041308244e-37
3266.719336557425,1.1802123283131757e+19,5.758945597443876e-31,9.210529620742253e-37
3271.719336557425,1.0282300847492293e+19,5.8531138898613675e-31,9.677863225917905e-37
3276.719336557425,9.201469799352014e+18,6.085437331156264e-31,1.0339648814332775e-36
3281.719336557425,8.410269633905392e+18,6.563779792066629e-31,1.1264403109280298e-36
3286.719336557425,7.814634996599517e+18,7.47848410322327e-31,1.2553801226668453e-36
3291.719336557425,7.353831765377306e+18,9.188521872202609e-31,1.4363893939935917e-36
3296.719336557425,6.987754000156435e+18,1.2441490979861493e-30,1.6942541026714553e-36
3301.719336557425,6.714082495891797e+18,1.765420968418894e-30,2.0485192566712186e-36
3307.219336557425,6.524037701994318e+18,2.3837892599726025e-30,2.542415732951084e-36
3313.269336557425,6.386324845517069e+18,3.176669019392019e-30,3.233110561132336e-36
3319.9243365574252,6.282878674808713e+18,4.269188746253641e-30,4.219617018600943e-36
3327.244836557425,6.203609523801679e+18,5.852293720719837e-30,5.6637507296203545e-36
3335.297386557425,6.142487611918364e+18,8.247752290407325e-30,7.831184948856916e-36
3344.155191557425,6.095695183594529e+18,1.2032504561503984e-29,1.1161847702741588e-35
3353.898777057425,6.060722757175028e+18,1.829578734541838e-29,1.639017251860107e-35
3364.616721107425,6.035882509824431e+18,2.9207989607187815e-29,2.4760901849270147e-35
3376.406459562425,6.020030696400309e+18,4.9360830648237835e-29,3.846145689563145e-35
3389.375171862925,6.012400231808641e+18,8.915338781096515e-29,6.163791053886791e-35
3403.640755393475,6.012495541716761e+18,1.7405466926613187e-28,1.0320571705347433e-34
3419.33289727708,6.020024369350759e+18,3.7236682362677424e-28,1.8578392902413366e-34
3436.5942533490456,6.034852404766513e+18,8.87742657513625e-28,3.779021953335341e-34
3455.5817450282075,6.056972493345848e+18,2.4080660488801444e-27,9.271617641012264e-34
3475.5817450282075,6.085070671494993e+18,7.00749192398183e-27,2.6568588089885114e-33
3495.5817450282075,6.116827930625121e+18,1.9900726049726105e-26,7.866353458826176e-33
3515.5817450282075,6.151431108896216e+18,5.521199840163166e-26,2.3366006045998294e-32
3535.5817450282075,6.1882843251432e+18,1.4978519670408301e-25,6.8606136701092e-32
3555.5817450282075,6.226940830789742e+18,3.977034174425356e-25,1.9790032966107263e-31
3575.5817450282075,6.267058980891903e+18,1.0343406613062107e-24,5.596831663270858e-31
3595.5817450282075,6.308372948716167e+18,2.6370467615118185e-24,1.5513007186734093e-30
3615.5817450282075,6.350672737822614e+18,6.595345335722797e-24,4.215404659577287e-30
3635.5817450282075,6.393790222581857e+18,1.6192708612319616e-23,1.1235808009607764e-29
3655.5817450282075,6.437589196128394e+18,3.905200816470431e-23,2.9393536597521327e-29
3675.5817450282075,6.481958142728757e+18,9.257061186530259e-23,7.551686785593722e-29
3695.5817450282075,6.526804900260183e+18,2.158034452419453e-22,1.9064899626182298e-28
3715.5817450282075,6.889733658017466e+18,1.8453999189771734e-22,2.9529400114073592e-28
3720.5817450282075,7.038714412993753e+18,1.756496638457018e-22,3.1897630456520926e-28
3725.5817450282075,7.2441406396205e+18,1.673265297147641e-22,3.398295223369518e-28
3730.5817450282075,7.520286180091862e+18,1.6033412878712035e-22,3.579099905206346e-28
3735.5817450282075,7.893746626432296e+18,1.547852559682997e-22,3.73439202891143e-28
3740.5817450282075,8.408865191709316e+18,1.505355838516475e-22,3.8673730215813447e-28
3745.5817450282075,9.139683915999298e+18,1.4735968556753676e-22,3.981830934500499e-28
3750.5817450282075,1.0213313562708085e+19,1.4502920438249877e-22,4.081853264070365e-28
3755.5817450282075,1.1856278071048528e+19,1.4334417257421547e-22,4.1716223255585085e-28
3760.5817450282075,1.4488269513418189e+19,1.4214173199001515e-22,4.255263885317029e-28
3765.5817450282075,1.8910624052768854e+19,1.412946717809596e-22,4.3366936426287915e-28
3770.5817450282075,2.6612798113821766e+19,1.4070612472216215e-22,4.419360681452589e-28
3775.5817450282075,3.9562574677002265e+19,1.403034978220399e-22,4.505748113766204e-28
3780.5817450282075,5.735623270320544e+19,1.40032965953779e-22,4.59656349012711e-28
3785.5817450282075,7.743688834489518e+19,1.3985495880371493e-22,4.689886332208572e-28
3790.127199573662,9.49198652009586e+19,1.3974669628856768e-22,4.773261396657557e-28
3794.2594309786205,1.0476295679150277e+20,1.396797358792875e-22,4.843858690215837e-28
3798.0160049831284,1.077893458670576e+20,1.3963762100321263e-22,4.9009065396094655e-28
3801.431072259954,1.0690975454568902e+20,1.3960720533547465e-22,4.937088312069533e-28
3804.5356788752497,1.0647285774323954e+20,1.39580697454428e-22,4.954938804592947e-28
3807.950746152075,1.0612225261319232e+20,1.3955178441340734e-22,4.971004971641192e-28
3811.707320156583,1.0581470900491033e+20,1.3952007311503773e-22,4.987695350442045e-28
3815.8395515615416,1.0553287922336242e+20,1.3948526874656019e-22,5.00547187532409e-28
3820.385006106996,1.0526730533885152e+20,1.3944707115834718e-22,5.024449978292199e-28
3825.385006106996,1.0501215702978875e+20,1.3940515729489544e-22,5.044695336364913e-28
3830.885006106996,1.0476355766959758e+20,1.3935917475533046e-22,5.066263517134867e-28
3836.9350061069963,1.0451880430415602e+20,1.3930873935265808e-22,5.0892114810595625e-28
3843.5900061069965,1.0427592903889614e+20,1.3925343253291372e-22,5.113598230029478e-28
3850.9105061069963,1.0403344083328837e+20,1.3919279863570361e-22,5.139485470767837e-28
3858.963056106996,1.03790168370342e+20,1.391263419960837e-22,5.166938382114284e-28
3867.8208611069963,1.0354516168397963e+20,1.3905352389000772e-22,5.196026472336407e-28
3877.564446606996,1.0329762884809476e+20,1.389737593283005e-22,5.226824510398052e-28
3888.282390656996,1.0304689407339725e+20,1.3888641370733123e-22,5.259413516980132e-28
3900.072129111996,1.0279236919502635e+20,1.3879079932830564e-22,5.293881806467247e-28
3913.0408414124963,1.0253353376367967e+20,1.3868617180142776e-22,5.330326079799816e-28
3927.3064249430463,1.0226992082536568e+20,1.385717263561484e-22,5.368852579200627e-28
3942.9985668266513,1.0200110657266926e+20,1.3844659408438795e-22,5.409578328037215e-28
3960.259922898617,1.0172670270418954e+20,1.3830983815004434e-22,5.452632491031354e-28
3979.2474145777787,1.014463507265627e+20,1.3816045000534487e-22,5.498157900395676e-28
4000.133655424857,1.0115971768173068e+20,1.3799734566267585e-22,5.546312801465838e-28
4023.108520356643,1.0086649294138556e+20,1.3781936207945186e-22,5.5972728768712385e-28
4048.3808717816078,1.005663858154403e+20,1.3762525372331138e-22,5.651233611788933e-28
4076.180458349069,1.0025912379215892e+20,1.3741368939538466e-22,5.708413065399565e-28
4106.760003573276,9.994445127638453e+19,1.3718324940043993e-22,5.769055116583879e-28
4140.397503319904,9.96221287265119e+19,1.3693242316419368e-22,5.833433256385959e-28
4177.398753041195,9.929193211519841e+19,1.3665960740976432e-22,5.9018550068073945e-28
4218.100127734615,9.895365265637093e+19,1.3636310501683528e-22,5.97466705578947e-28
4262.871639897377,9.86070967538167e+19,1.360411246982447e-22,6.052261212310145e-28
4312.120303276415,9.825208613602081e+19,1.3569178163897977e-22,6.135081303894853e-28
4366.293832993357,9.788845814875975e+19,1.3531309925143392e-22,6.223631162255312e-28
4425.884715681993,9.751606618200347e+19,1.349030122076833e-22,6.31848387238101e-28
4491.434686639493,9.713478021135155e+19,1.344593709138027e-22,6.420292497938207e-28
4563.539654692742,9.674448743686136e+19,1.3397994759214216e-22,6.52980254373363e-28
4642.855119551317,9.63450930040207e+19,1.3346244413424813e-22,6.647866477617199e-28
4730.10213089575,9.593652079293325e+19,1.3290450187894905e-22,6.775460713978387e-28
4826.0738433746255,9.256010993996702e+19,1.2799013683638544e-22,6.194913114306319e-28
4831.0738433746255,7.914037334252721e+19,1.276520688641291e-22,6.129424986576269e-28
4836.0738433746255,6.1478489244972155e+19,1.2720370207018582e-22,6.070663615578099e-28
4841.0738433746255,4.5159250555615265e+19,1.2663124470631074e-22,6.031904878635379e-28
4846.0738433746255,3.285257116420748e+19,1.2593850824272776e-22,6.018229173501557e-28
4851.0738433746255,2.4612087224388014e+19,1.2516256142979549e-22,6.034371387993212e-28
4856.0738433746255,1.9302540582512783e+19,1.2439998355880295e-22,6.087469478419349e-28
4861.0738433746255,1.5852928609967935e+19,1.2384782905177908e-22,6.187754870314784e-28
4866.0738433746255,1.355261653744934e+19,1.238667701916014e-22,6.348666824869009e-28
4871.0738433746255,1.1971179303628272e+19,1.2507971137909524e-22,6.587531825853179e-28
4876.0738433746255,1.0850362197931481e+19,1.285320907597471e-22,6.9272678058508595e-28
4881.0738433746255,1.0032320098870995e+19,1.359708767344787e-22,7.3993333412934205e-28
4886.0738433746255,9.418013570515937e+18,1.5037629947914685e-22,8.048420255018603e-28
4891.0738433746255,8.943665894890558e+18,1.7708425905949905e-22,8.940002181746864e-28
4896.0738433746255,8.567240897023193e+18,2.264232077972457e-22,1.017288121032201e-27
4901.0738433746255,8.276415690158799e+18,3.081710759083905e-22,1.184116347252147e-27
4906.5738433746255,8.075459484611284e+18,3.9821504769577825e-22,1.4084852603810407e-27
4912.623843374626,7.930080640093812e+18,5.052053805546264e-22,1.708595695714045e-27
4919.2788433746255,7.820536818605147e+18,6.422557256940866e-22,2.1163182488267772e-27
4926.599343374625,7.735917745645937e+18,8.264815897901652e-22,2.681432282384431e-27
4934.651893374626,7.669759723696169e+18,1.0835756033726487e-21,3.481554502105649e-27
4943.509698374625,7.617992973097788e+18,1.4550250403721355e-21,4.638742186435605e-27
4953.253283874626,7.577949347398426e+18,2.010958721771283e-21,6.3463338753654874e-27
4963.971227924626,7.547833277446118e+18,2.8749660890002437e-21,8.913260451259699e-27
4975.760966379626,7.526422705084836e+18,4.274509330417646e-21,1.2842146296567662e-26
4988.729678680125,7.51289007628719e+18,6.6486009649309166e-21,1.8983430512252343e-26
5002.995262210676,7.506690681383923e+18,1.0890621463723117e-20,2.888280744962804e-26
5018.68740409428,7.507490712152168e+18,1.8929891068732557e-20,4.566234908640291e-26
5035.948760166246,7.515119716158099e+18,3.522167489660865e-20,7.647506331795483e-26
5054.936251845408,7.529538567362908e+18,7.086428506511188e-20,1.3994952498458407e-25
5074.936251845408,7.549745084697041e+18,1.486116877540026e-19,2.774250996096626e-25
5094.936251845408,7.573815499053626e+18,3.0747880428501996e-19,5.676202164429601e-25
5114.936251845408,7.600924592639616e+18,6.279205912215885e-19,1.1858778166214105e-24
5134.936251845408,7.630466500077743e+18,1.266181159196419e-18,2.5009874979909425e-24
5154.936251845408,7.661985846580846e+18,2.522038643161975e-18,5.277878132857855e-24
5174.936251845408,7.695133309816724e+18,4.963944642677045e-18,1.1082615795943854e-23
5194.936251845408,7.729636089471639e+18,9.657585490251021e-18,2.3081937840220644e-23
5214.936251845408,7.765277766047541e+18,1.857877723130983e-17,4.7603215172218005e-23
5234.936251845408,7.801884241097842e+18,3.535143301699132e-17,9.714340790860992e-23
5254.936251845408,7.839313716524895e+18,6.655289796334384e-17,1.9610854991034e-22
5274.936251845408,7.877449417762713e+18,1.239996286036203e-16,3.9164334721517765e-22
5294.936251845408,7.916194219441167e+18,2.2871028267711266e-16,7.738500262205342e-22
5314.936251845408,8.260307713293485e+18,1.9704156331098168e-16,1.10031315816039e-21
5319.936251845408,8.403144463816503e+18,1.8801066363643756e-16,1.173442384222257e-21
5324.936251845408,8.60088393328806e+18,1.7957985916061527e-16,1.2373114587256943e-21
5329.936251845408,8.866730939691349e+18,1.7250449096823971e-16,1.2923668078176154e-21
5334.936251845408,9.225600645217077e+18,1.6688668481253624e-16,1.3394849826874286e-21
5339.936251845408,9.719064011630252e+18,1.6257727955150064e-16,1.3797743434103882e-21
5344.936251845408,1.041634017419418e+19,1.5934946275865185e-16,1.4144683044760371e-21
5349.936251845408,1.1435739832589e+19,1.5697464320683995e-16,1.4448532638910827e-21
5354.936251845408,1.2987035834688205e+19,1.5525267589289664e-16,1.472219635305814e-21
5359.936251845408,1.5457017540853725e+19,1.5402025236745615e-16,1.4978269454244002e-21
5364.936251845408,1.95822570527559e+19,1.5314944807234995e-16,1.5228672845729308e-21
5369.936251845408,2.6748018980993556e+19,1.5254253200455958e-16,1.5483980831152595e-21
5374.936251845408,3.894828049731225e+19,1.5212601082871692e-16,1.5752014576228028e-21
5379.936251845408,5.629074626405888e+19,1.5184520301107487e-16,1.6035425396510839e-21
5384.936251845408,7.613980551572567e+19,1.5165977133390655e-16,1.6328927262661661e-21
5389.936251845408,9.55595604719864e+19,1.5154022856188258e-16,1.6618396732136312e-21
5394.481706390863,1.0612773459744278e+20,1.5146906091186244e-16,1.6862556974828935e-21
5398.613937795822,1.0857521988746715e+20,1.5142600191389943e-16,1.7056917838666695e-21
5402.370511800329,1.0768117247729009e+20,1.5139344910929649e-16,1.7162291204819238e-21
5405.785579077155,1.0722089282089188e+20,1.5136475603016425e-16,1.7219497239393275e-21
5409.542153081662,1.0685175704514842e+20,1.5133339092540744e-16,1.727360709851709e-21
5413.6743844866205,1.065294508167443e+20,1.5129897940627042e-16,1.7330324540711692e-21
5418.2198390320755,1.0623514202495708e+20,1.5126121200222881e-16,1.7390691330376235e-21
5423.2198390320755,1.0595849368257087e+20,1.512197656825693e-16,1.7454990253089622e-21
5428.7198390320755,1.0569317812549653e+20,1.5117429068310564e-16,1.7523403178147266e-21
5434.769839032076,1.0543503950537546e+20,1.5112440553004314e-16,1.7596095316114276e-21
5441.424839032075,1.0518120484000286e+20,1.5106969442236172e-16,1.7673236695010035e-21
5448.745339032075,1.0492959390476991e+20,1.5100970445762338e-16,1.7755004363961764e-21
5456.797889032076,1.0467863606316909e+20,1.5094394268981763e-16,1.7841584742428722e-21
5465.655694032075,1.0442710061967563e+20,1.5087187301977955e-16,1.7933176219566618e-21
5475.3992795320755,1.0417399179820969e+20,1.50792912921216e-16,1.8029991942008514e-21
5486.117223582076,1.0391848159799094e+20,1.5070643000833295e-16,1.813226273310901e-21
5497.906962037076,1.0365986547750743e+20,1.5061173845452047e-16,1.824024010458913e-21
5510.875674337575,1.0339753221024974e+20,1.5050809527558274e-16,1.835419935022465e-21
5525.141257868126,1.0313094281930934e+20,1.5039469649564382e-16,1.8474442747680455e-21
5540.83339975173,1.028596155157436e+20,1.502706732191997e-16,1.8601302934283473e-21
5558.094755823696,1.0258311472923412e+20,1.5013508763887973e-16,1.873514656038285e-21
5577.082247502858,1.0230104300632854e+20,1.4998692901539606e-16,1.887637835551182e-21
5597.968488349937,1.0201303496835303e+20,1.4982510967392598e-16,1.902544576504711e-21
5620.943353281723,1.0171875278158684e+20,1.4964846106982282e-16,1.918284432794984e-21
5646.215704706688,1.0141788275992696e+20,1.4945572998605343e-16,1.9349123971230654e-21
5674.015291274149,1.0111013283103636e+20,1.4924557493506298e-16,1.9524896397439356e-21
5704.594836498356,1.0079523067187316e+20,1.4901656284877112e-16,1.971084374183483e-21
5738.232336244984,1.004729223712038e+20,1.4876716615196694e-16,1.9907728679742378e-21
5775.233585966275,1.0014297151297811e+20,1.4849576032628487e-16,2.0116406174770235e-21
5815.934960659695,9.980515860028934e+19,1.482006220839902e-16,2.0337837076729643e-21
5860.706472822457,9.945928075825616e+19,1.4787992828262275e-16,2.0573103805140197e-21
5909.955136201495,9.91051516676984e+19,1.4753175572280616e-16,2.0823428390720533e-21
5964.128665918437,9.874260169139538e+19,1.471540819817224e-16,2.1090193194290805e-21
6023.719548607073,9.837147816199394e+19,1.467447874433704e-16,2.1374964682031205e-21
6089.269519564573,9.799164580595999e+19,1.4630165869314059e-16,2.167952071141992e-21
6161.3744876178225,9.760298728187588e+19,1.4582239344775932e-16,2.200588187845433e-21
6240.689952476398,9.72054038141814e+19,1.4530460719155452e-16,2.2356347600967115e-21
6327.93696382083,9.679881590551075e+19,1.4474584168547138e-16,2.273353777432246e-21
6423.908676299706,1.1175942807894834e+20,1.4042934711953178e-16,2.084296465663771e-21
6428.908676299706,9.635028692622682e+19,1.401271464003526e-16,2.059965140858542e-21
6433.908676299706,7.464937592179268e+19,1.3971822882925858e-16,2.0363224126742137e-21
6438.908676299706,5.4234723664901595e+19,1.3918296392326372e-16,2.0179440201484394e-21
6443.908676299706,3.887931957532411e+19,1.3851284291554926e-16,2.0063464813569683e-21
6448.908676299706,2.876460360531473e+19,1.377220530250495e-16,2.002495405377144e-21
6453.908676299706,2.2391115470662296e+19,1.3686740086040121e-16,2.0078537432763152e-21
6458.908676299706,1.8330954674688236e+19,1.3607957948557215e-16,2.0247126435928882e-21
6463.908676299706,1.5666303557265502e+19,1.3561103430386606e-16,2.0561498185898055e-21
6468.908676299706,1.3858752634190203e+19,1.3590903230285133e-16,2.1060257024087312e-21
6473.908676299706,1.2592753344187226e+19,1.3772937194183531e-16,2.1792096438522627e-21
6478.908676299706,1.1678789002157326e+19,1.4232154101858438e-16,2.282060193928886e-21
6483.908676299706,1.0999534870376772e+19,1.5175260584952764e-16,2.423182893261799e-21
6488.908676299706,1.0480219005878456e+19,1.6952753107602429e-16,2.61458057300414e-21
6493.908676299706,1.0071959751166124e+19,2.019001962368115e-16,2.8734442588301524e-21
6498.908676299706,9.74208920450945e+18,2.609413739452145e-16,3.225035184156133e-21
6503.908676299706,9.51924229201443e+18,3.257307027960072e-16,3.6515781183099995e-21
6509.408676299706,9.358360647558992e+18,3.951876258552631e-16,4.198056113659971e-21
6515.458676299706,9.237181014847222e+18,4.758853220870314e-16,4.900593156236067e-21
6522.113676299706,9.142984311906274e+18,5.751350838842252e-16,5.815757887591588e-21
6529.4341762997055,9.068369596118662e+18,7.018650974880154e-16,7.027060748803841e-21
6537.486726299706,9.008745738396678e+18,8.685755624744595e-16,8.658147433999503e-21
6546.3445312997055,8.961119198201354e+18,1.0939547338560415e-15,1.0893653906968041e-20
6556.088116799706,8.92347434531894e+18,1.4070582542103709e-15,1.4011243415674387e-20
6566.806060849706,8.89442818150024e+18,1.8545887472245336e-15,1.843141592010952e-20
6578.595799304706,8.873027318116399e+18,2.514137243272545e-15,2.4798526965341035e-20
6591.564511605206,8.858622698823398e+18,3.519221507057679e-15,3.412409288148769e-20
6605.830095135756,8.850789516325488e+18,5.108554081117042e-15,4.8068656393932814e-20
6621.522237019361,8.849274606728787e+18,7.727252528626939e-15,6.955376954613475e-20
6638.783593091326,8.853961183146236e+18,1.2244783703357339e-14,1.0419590782396713e-19
6657.771084770488,8.864844867960303e+18,2.0449199857770533e-14,1.6387502134629272e-19
6677.771084770488,8.881124360510007e+18,3.510743034254344e-14,2.6807027634250946e-19
6697.771084770488,8.901145080638515e+18,5.976750752970901e-14,4.446064121220224e-19
6717.771084770488,8.924134507518274e+18,1.0092290166513272e-13,7.479933836568737e-19
6737.771084770488,8.949522185596947e+18,1.6907177988781029e-13,1.2728873337819039e-18
6757.771084770488,8.976877086282805e+18,2.810593242482054e-13,2.1819142516183546e-18
6777.771084770488,9.005866932614526e+18,4.637167838399944e-13,3.751861198821785e-18
6797.771084770488,9.036231021575306e+18,7.594752300320893e-13,6.449799346082405e-18
6817.771084770488,9.067761598477059e+18,1.2349658511364076e-12,1.1057606719524805e-17
6837.771084770488,9.100290799738498e+18,1.9941068716662417e-12,1.8874170155491902e-17
6857.771084770488,9.133681311237376e+18,3.1978865935165392e-12,3.2041358169314096e-17
6877.771084770488,9.167819561287637e+18,5.094076317611261e-12,5.406581834332215e-17
6897.771084770488,9.202610677560481e+18,8.061576642250527e-12,9.064847167897567e-17
6917.771084770488,9.62052235595134e+18,6.643208540919013e-12,1.161712258104367e-16
6922.771084770488,9.78994775473038e+18,6.3410767008630535e-12,1.2176812462856595e-16
6927.771084770488,1.0022563213903792e+19,6.087260329791669e-12,1.2658860408681189e-16
6932.771084770488,1.0336544755827626e+19,5.8846702710542075e-12,1.3070948755453245e-16
6937.771084770488,1.0764882899170296e+19,5.728311049293448e-12,1.3422809196641516e-16
6942.771084770488,1.136278273901951e+19,5.610454227853915e-12,1.3725100351166296e-16
6947.771084770488,1.2223577796433762e+19,5.5231911848024524e-12,1.3988810868615383e-16
6952.771084770488,1.3510132572251988e+19,5.4595111985248166e-12,1.422488857023335e-16
6957.771084770488,1.5517813915143289e+19,5.413634583641502e-12,1.4444001768589828e-16
6962.771084770488,1.8802307605159535e+19,5.380994337810376e-12,1.4656327793078919e-16
6967.771084770488,2.4427020287379456e+19,5.358075324960377e-12,1.4871177603486583e-16
6972.771084770488,3.4219894690560614e+19,5.342216888772838e-12,1.509613252630097e-16
6977.771084770488,4.961679993849721e+19,5.3314274833221666e-12,1.5335341574566258e-16
6982.771084770488,6.8578234955414315e+19,5.3242291764558154e-12,1.5587099577447923e-16
6987.771084770488,8.902852258214373e+19,5.319534548773708e-12,1.5842054636935694e-16
6992.316539315943,1.0356678062216969e+20,5.316706489546277e-12,1.6064112843384888e-16
6996.448770720902,1.0959033321804376e+20,5.314974898610449e-12,1.6246705134092827e-16
7000.205344725409,1.0865409303068882e+20,5.313878064182609e-12,1.6386575588432677e-16
7003.620412002235,1.0822556723759512e+20,5.312941901276785e-12,1.644425305993591e-16
7007.376986006742,1.0788277187152178e+20,5.3119234918163325e-12,1.649293589115526e-16
7011.509217411701,1.0758054605159545e+20,5.310806797579054e-12,1.6542890331777272e-16
7016.054671957156,1.073021767253606e+20,5.309581161555451e-12,1.659585723232824e-16
7021.054671957156,1.0703872633594172e+20,5.308235968364165e-12,1.66521906234897e-16
7026.554671957156,1.0678471472008477e+20,5.306759818445834e-12,1.6712057426767448e-16
7032.604671957156,1.0653650183833703e+20,5.305140273379729e-12,1.6775589967120173e-16
7039.259671957156,1.0629154738669509e+20,5.3033637684868456e-12,1.684292353074202e-16
7046.5801719571555,1.0604799598319106e+20,5.3014155205730975e-12,1.6914198422610155e-16
7054.632721957156,1.0580443506037817e+20,5.2992794298674366e-12,1.6989561979649865e-16
7063.490526957155,1.0555974886592877e+20,5.2969379761205295e-12,1.7069170776099138e-16
7073.234112457156,1.0531302767002842e+20,5.294372108908e-12,1.715319295873717e-16
7083.952056507156,1.050635095139304e+20,5.291561132272962e-12,1.7241810652925247e-16
7095.741794962156,1.0481054164627353e+20,5.2884825839492436e-12,1.733522239693899e-16
7108.7105072626555,1.0455355421943898e+20,5.285112109532162e-12,1.7433645588489554e-16
7122.976090793206,1.0429204186333043e+20,5.281423332109068e-12,1.7537318960638022e-16
7138.6682326768105,1.0402555048457318e+20,5.2773877180305416e-12,1.764650514015073e-16
7155.929588748776,1.0375366763905391e+20,5.272974439696944e-12,1.77614933748949e-16
7174.917080427938,1.0347601541674875e+20,5.2681502364564184e-12,1.7882602543910228e-16
7195.803321275017,1.031922451370202e+20,5.262879274961793e-12,1.8010184581684495e-16
7218.778186206803,1.0290203337758168e+20,5.257123010614831e-12,1.814462845642955e-16
7244.050537631768,1.0260507900551425e+20,5.250840052038325e-12,1.8286364842448674e-16
7271.850124199229,1.0230110097487667e+20,5.243986030856975e-12,1.8435871622166524e-16
7302.429669423436,1.0198983672069956e+20,5.23651347943505e-12,1.8593680347789905e-16
7336.0671691700645,1.0167104102429039e+20,5.22837171960801e-12,1.8760383789234506e-16
7373.068418891356,1.0134448525653074e+20,5.219506765850975e-12,1.8936644696236157e-16
7413.7697935847755,1.0100995692849716e+20,5.209861246741776e-12,1.9123205909643946e-16
7458.541305747537,1.0066725949509542e+20,5.199374348990363e-12,1.9320901970055239e-16
7507.789969126576,1.0031621236925982e+20,5.187981788707938e-12,1.9530672391123808e-16
7561.963498843517,9.995665111296526e+19,5.175615814963339e-12,1.9753576790197142e-16
7621.5543815321535,9.958842777762926e+19,5.1622052510037705e-12,1.999081210123859e-16
7687.104352489653,9.921141137109606e+19,5.147675578781841e-12,2.0243732136085816e-16
7759.209320542903,9.882548843170236e+19,5.131949072608053e-12,2.0513869812981398e-16
7838.524785401478,9.843056369226262e+19,5.114944987813172e-12,2.080296244029312e-16
7925.77179674591,9.80265608184447e+19,5.0965798102311696e-12,2.1112980534192713e-16
8021.743509224786,1.3109156517365167e+20,4.973245968137249e-12,1.9506532981402438e-16
8026.743509224786,1.146532707430903e+20,4.9644746237422715e-12,1.926793273354428e-16
8031.743509224786,8.930427237776876e+19,4.952391474056746e-12,1.9023115297501121e-16
8036.743509224786,6.450684325905982e+19,4.936233095231638e-12,1.8816787447386483e-16
8041.743509224786,4.566473064634173e+19,4.915437651747066e-12,1.8663638979328637e-16
8046.743509224786,3.3315188354011193e+19,4.889916566203639e-12,1.8569410034488323e-16
8051.743509224786,2.5658945887767667e+19,4.860539336650173e-12,1.8541468424946902e-16
8056.743509224786,2.0869305415133913e+19,4.8299031806070156e-12,1.8593500475091296e-16
8061.743509224786,1.7774477428435302e+19,4.803511996202857e-12,1.874543625942988e-16
8066.743509224786,1.570271246322141e+19,4.791555625587876e-12,1.9022325906503468e-16
8071.743509224786,1.4268456937684965e+19,4.811603416931228e-12,1.9454633320980304e-16
8076.743509224786,1.3244000114525233e+19,4.892784735322779e-12,2.008034645506601e-16
8081.743509224786,1.2490303678849393e+19,5.082612523508841e-12,2.094864127971402e-16
8086.743509224786,1.1919746000733245e+19,5.4589826925353176e-12,2.2125232815707804e-16
8091.743509224786,1.147555097474002e+19,6.153256204413659e-12,2.3700210926219335e-16
8096.743509224786,1.112003625069348e+19,7.399042468406915e-12,2.5799914580868726e-16
8101.743509224786,1.0852537674816233e+19,9.17720957553408e-12,2.845867931513039e-16
8107.243509224786,1.0665191098441894e+19,1.0948801568792054e-11,3.182793230030993e-16
8113.293509224786,1.0527752719791573e+19,1.2858416378103875e-11,3.60507722981015e-16
8119.948509224786,1.042277208227823e+19,1.5073905999226323e-11,4.1385650324172033e-16
8127.269009224786,1.0340501231687596e+19,1.7759664366873793e-11,4.820849153535884e-16
8135.321559224786,1.0275102766561944e+19,2.111662962906469e-11,5.705767235492913e-16
8144.179364224786,1.0222865655088804e+19,2.542030439716843e-11,6.870931720439738e-16
8153.922949724786,1.0181334921783513e+19,3.106877156953966e-11,8.429031672997911e-16
8164.6408937747865,1.0148843649388276e+19,3.865729893557835e-11,1.0544683414797872e-15
8176.430632229786,1.0124246373496926e+19,4.9102038665912644e-11,1.3460096969315512e-15
8189.399344530286,1.0106758501140881e+19,6.385351946802757e-11,1.7536407997852187e-15
8203.664928060836,1.009585565803068e+19,8.527744596304969e-11,2.332611691365477e-15
8219.35706994444,1.0091208628453333e+19,1.1735693859287736e-10,3.171211676517644e-15
8236.618426016406,1.0092640307503804e+19,1.6703433857896703e-10,4.419497849875097e-15
8255.605917695568,1.0100096747693908e+19,2.468752268916376e-10,6.3518730992734755e-15
8275.605917695568,1.0112885186715486e+19,3.721766850006233e-10,9.311713923663878e-15
8295.605917695568,1.012950382767206e+19,5.578769322177251e-10,1.3672291372271769e-14
8315.605917695568,1.0149161856895205e+19,8.316457401446508e-10,2.0172077845824967e-14
8335.605917695568,1.0171277272362684e+19,1.2331658613792537e-09,2.994338873346808e-14
8355.605917695568,1.0195411520782944e+19,1.8190654789840683e-09,4.470556727824924e-14
8375.605917695568,1.0221227264681193e+19,2.6697600726854586e-09,6.704780399148902e-14
8395.605917695568,1.0248460286689071e+19,3.898898416137849e-09,1.0084170818500236e-13
8415.605917695568,1.0276900308218497e+19,5.66634399304264e-09,1.5184052518715874e-13
8435.605917695568,1.0306377587904887e+19,8.19593475243304e-09,2.28545307307987e-13
8455.605917695568,1.0336753362202687e+19,1.1799672864735176e-08,3.4345088740652447e-13
8475.605917695568,1.0367912898183692e+19,1.691052999591622e-08,5.148295178512909e-13
8495.605917695568,1.03997603588155e+19,2.4126748012127898e-08,7.692720131007544e-13
8515.605917695568,1.0758286748500918e+19,2.0553416465377658e-08,9.554893726647016e-13
8520.605917695568,1.0906648869155607e+19,1.9686294180948707e-08,9.963565090146973e-13
8525.605917695568,1.1111838425492625e+19,1.8922941328649506e-08,1.0315298683144432e-12
8530.605917695568,1.1388070005103989e+19,1.8299242613993423e-08,1.06157416917463e-12
8535.605917695568,1.176192374539887e+19,1.7810722846227274e-08,1.0872003929574532e-12
8540.605917695568,1.2277792436212914e+19,1.7438543481270976e-08,1.1091753714708726e-12
8545.605917695568,1.3009867783587168e+19,1.716062735797548e-08,1.128281276013462e-12
8550.605917695568,1.4085581350753198e+19,1.6956338554843527e-08,1.1452922738567237e-12
8555.605917695568,1.573210031327328e+19,1.6808175773258687e-08,1.1609607764454062e-12
8560.605917695568,1.8370400306583194e+19,1.6702064251904383e-08,1.17600741011651e-12
8565.605917695568,2.2804346167283032e+19,1.6627041848845112e-08,1.191104596821919e-12
8570.605917695568,3.052732362556387e+19,1.6574740967013114e-08,1.206834911302893e-12
8575.605917695568,4.350518219594565e+19,1.6538857893494237e-08,1.2235974870499783e-12
8580.605917695568,6.131460653590966e+19,1.6514688725147443e-08,1.2414498513434783e-12
8585.605917695568,8.140336544858674e+19,1.649875338808835e-08,1.259939304715776e-12
8590.151372241022,9.886285528723317e+19,1.6489045687601902e-08,1.2765239563637813e-12
8594.283603645981,1.0866347580241234e+20,1.6483033562772568e-08,1.2905950313107e-12
8598.04017765049,1.1165458029836152e+20,1.6479248175218504e-08,1.3019768290138506e-12
8601.455244927314,1.107756972385766e+20,1.6476508507927487e-08,1.3091466938352013e-12
8604.55985154261,1.1033852628806135e+20,1.6474121464485602e-08,1.3126605366257986e-12
8607.974918819435,1.0998767946242422e+20,1.6471517541609782e-08,1.3158118151034285e-12
8611.731492823943,1.0967995558556184e+20,1.6468660915120633e-08,1.3190803237431811e-12
8615.863724228902,1.093979876641835e+20,1.646552477211189e-08,1.3225572139724501e-12
8620.409178774356,1.0913230355579203e+20,1.646208181038543e-08,1.3262643612678433e-12
8625.409178774356,1.0887706408180382e+20,1.645830261277614e-08,1.3302135663711294e-12
8630.909178774356,1.0862838727578962e+20,1.6454155053658494e-08,1.334414442006688e-12
8636.959178774356,1.0838356677823558e+20,1.64496040646356e-08,1.3388766865892678e-12
8643.614178774356,1.0814063242161886e+20,1.644461138728015e-08,1.343610190127607e-12
8650.934678774356,1.0789809158773658e+20,1.6439135309126374e-08,1.3486251400497104e-12
8658.987228774356,1.0765477182614086e+20,1.6433130382514316e-08,1.353932144190205e-12
8667.845033774356,1.0740972233132533e+20,1.6426547126063983e-08,1.3595423675543955e-12
8677.588619274356,1.0716215053875534e+20,1.641933170874749e-08,1.3654676789252672e-12
8688.306563324357,1.069113801621961e+20,1.641142561676033e-08,1.3717208036343055e-12
8700.096301779357,1.0665682264208645e+20,1.6402765303668014e-08,1.378315479765472e-12
8713.065014079857,1.0639795721003491e+20,1.639328182462983e-08,1.3852666166420155e-12
8727.330597610407,1.0613431665002586e+20,1.6382900455883065e-08,1.392590456480667e-12
8743.022739494012,1.0586547693646275e+20,1.6371540301114414e-08,1.4003047423207055e-12
8760.284095565978,1.0559104958398924e+20,1.63591138868583e-08,1.408428897444107e-12
8779.271587245139,1.0531067594239862e+20,1.6345526749652124e-08,1.4169842232266553e-12
8800.157828092217,1.0502402291855676e+20,1.633067701834873e-08,1.425994123521546e-12
8823.132693024003,1.0473077976678792e+20,1.6314454995743493e-08,1.4354843642303705e-12
8848.405044448968,1.0443065569421877e+20,1.6296742744514903e-08,1.44548337674696e-12
8876.20463101643,1.0412337809848949e+20,1.6277413683403963e-08,1.456022613649077e-12
8906.784176240637,1.0380869130407946e+20,1.6256332200561963e-08,1.4671369645818387e-12
8940.421675987265,1.0348635569777843e+20,1.623335329207105e-08,1.4788652399256387e-12
8977.422925708555,1.0315614718820318e+20,1.6208322234772614e-08,1.4912507297108816e-12
9018.124300401976,1.0281785693183445e+20,1.6181074303709382e-08,1.504341845400686e-12
9062.895812564739,1.0247129128082101e+20,1.6151434545674374e-08,1.518192852622833e-12
9112.144475943776,1.0211627191716436e+20,1.6119217621534344e-08,1.5328647036806733e-12
9166.318005660718,1.0175263614476766e+20,1.6084227731121984e-08,1.5484259797057283e-12
9225.908888349355,1.0138023731587049e+20,1.604625863552633e-08,1.5649539536675213e-12
9291.458859306855,1.009989453720843e+20,1.6005093792504126e-08,1.5825357872206123e-12
9363.563827360105,1.0060864748287102e+20,1.5960506621428906e-08,1.6012698767052038e-12
9442.87929221868,1.0020924876620284e+20,1.5912260914624936e-08,1.6212673667609583e-12
9530.126303563113,9.98006730774757e+19,1.5860111412029966e-08,1.6426538542800448e-12
9626.098016041988,9.623343407483124e+19,1.5390828726588492e-08,1.5068017530946602e-12
9631.098016041988,8.28396613839154e+19,1.5358282603573405e-08,1.4930539764662425e-12
9636.098016041988,6.522240893887559e+19,1.531469199371455e-08,1.4798990032269774e-12
9641.098016041988,4.894621028974587e+19,1.5258189981699712e-08,1.469495861112397e-12
9646.098016041988,3.6670897751717155e+19,1.51881074478433e-08,1.462471937291497e-12
9651.098016041988,2.8449457972247736e+19,1.5106121493685327e-08,1.459343449695683e-12
9656.098016041988,2.3150714125935858e+19,1.5018202124567085e-08,1.4609702485895647e-12
9661.098016041988,1.9707281285805478e+19,1.4937618372685833e-08,1.4686071013538215e-12
9666.098016041988,1.7410563072572004e+19,1.4889463970889886e-08,1.4838220139493693e-12
9671.098016041988,1.583117010864824e+19,1.491743341225447e-08,1.5084730177656168e-12
9676.098016041988,1.4711361360162474e+19,1.5094107531152038e-08,1.544792160553161e-12
9681.098016041988,1.3893534345568195e+19,1.5537154182988083e-08,1.595558332649924e-12
9686.098016041988,1.3278747083861375e+19,1.6436472142810983e-08,1.6643499606226442e-12
9691.098016041988,1.2803239446313249e+19,1.8103504337883486e-08,1.7559009041135372e-12
9696.098016041988,1.242494412543888e+19,2.1069133223325032e-08,1.8766154706318627e-12
9701.098016041988,1.2131949298685633e+19,2.5585563256317094e-08,2.030154098517841e-12
9706.598016041988,1.1928156335702591e+19,2.989212217345962e-08,2.2220731289635844e-12
9712.648016041987,1.177942665795075e+19,3.43217028055853e-08,2.457730085337595e-12
9719.303016041988,1.1666069257707264e+19,3.925346785704354e-08,2.748323068290184e-12
9726.623516041987,1.157718006326323e+19,4.500408092855388e-08,3.109918729593076e-12
9734.676066041988,1.1506281509978474e+19,5.1917240395597445e-08,3.5648125787361e-12
9743.533871041987,1.144927923644801e+19,6.042892145667545e-08,4.144031713020468e-12
9753.277456541988,1.1403473734194993e+19,7.113116268186156e-08,4.8910030389643365e-12
9763.995400591988,1.1367033150987008e+19,8.485950596676497e-08,5.866813240474212e-12
9775.785139046988,1.1338695207949527e+19,1.0282624529603934e-07,7.157816774693562e-12
9788.753851347488,1.1317588778158545e+19,1.2683425890004812e-07,8.887094390031512e-12
9803.019434878039,1.13031226287506e+19,1.5963112520236344e-07,1.1232976245167272e-11
9818.711576761643,1.1294913804300644e+19,2.0551223683364107e-07,1.4461604058160114e-11
9835.972932833609,1.1292740391268393e+19,2.7137764316449884e-07,1.8988444815132094e-11
9854.96042451277,1.1296509817981729e+19,3.686404894768292e-07,2.550034200559494e-11
9874.96042451277,1.1305648378356433e+19,5.082517772444642e-07,3.465211656297505e-11
9894.96042451277,1.1318800202266778e+19,6.978332597032354e-07,4.6948582138174523e-11
9914.96042451277,1.1335139123076184e+19,9.543556508361547e-07,6.360424021497524e-11
9934.96042451277,1.1354057694985409e+19,1.3002281858645912e-06,8.633166902770097e-11
9954.96042451277,1.1375098547000609e+19,1.7649409951416923e-06,1.1752182789468597e-10
9974.96042451277,1.1397910087758748e+19,2.3871721801901204e-06,1.6048479880102089e-10
9994.96042451277,1.1422217072154223e+19,3.2174824808099144e-06,2.197715688150858e-10
10014.96042451277,1.14478005273813e+19,4.321750527487346e-06,3.016036134950528e-10
10034.96042451277,1.147448374052151e+19,5.785538598309275e-06,4.1444495140575265e-10
10054.96042451277,1.1502122271609285e+19,7.719623944720469e-06,5.697615130773036e-10
10074.96042451277,1.1530596701117635e+19,1.0266985780123024e-05,7.830257189319527e-10
10094.96042451277,1.1559807273211386e+19,1.3611604909670218e-05,1.0750408418824524e-09
10114.96042451277,1.1900671484747436e+19,1.1738867856278886e-05,1.286359350413016e-09
10119.96042451277,1.2043071071529486e+19,1.1272773525814688e-05,1.3325832929233592e-09
10124.96042451277,1.2240677009765587e+19,1.0859663122673545e-05,1.372265810672849e-09
10129.96042451277,1.2506657505790857e+19,1.0520939797778655e-05,1.4061191770127416e-09
10134.96042451277,1.2865927363959876e+19,1.0254879086055229e-05,1.4349981079873748e-09
10139.96042451277,1.3360113152819223e+19,1.00516383149138e-05,1.459799374537386e-09
10144.96042451277,1.4058578438760194e+19,9.899473739533226e-06,1.4814219544699656e-09
10149.96042451277,1.5079932866068392e+19,9.787329244962502e-06,1.500746114356604e-09
10154.96042451277,1.6634541264339413e+19,9.705782772602853e-06,1.5186223130681269e-09
10159.96042451277,1.911036854738759e+19,9.647226638871765e-06,1.5358636866726331e-09
10164.96042451277,2.3246313428661592e+19,9.605714440837312e-06,1.5532315843593045e-09
10169.96042451277,3.043150228331995e+19,9.576692377566475e-06,1.571393905030638e-09
10174.96042451277,4.265975309255988e+19,9.556719522952947e-06,1.5908255504895778e-09
10179.96042451277,6.002019100501931e+19,9.543221026346432e-06,1.6116312348665573e-09
10184.96042451277,7.9878351237385e+19,9.534286928099023e-06,1.633340456784208e-09
10189.505879058224,9.788711858727256e+19,9.528822678447413e-06,1.6529892217539585e-09
10193.638110463184,1.0881314397847377e+20,9.525424842252931e-06,1.6698187772587963e-09
10197.394684467692,1.1275128467932671e+20,9.523276758835826e-06,1.6835567296077787e-09
10200.809751744517,1.1185732902636259e+20,9.521800162119598e-06,1.6932161892844183e-09
10203.914358359812,1.1142913706861686e+20,9.520528945210005e-06,1.6975665729613916e-09
10207.329425636637,1.1108600620451452e+20,9.519145078677221e-06,1.7013173882228538e-09
10211.085999641145,1.1078418312105789e+20,9.517627344067801e-06,1.705175946101417e-09
10215.218231046105,1.105068803864968e+20,9.515961121390748e-06,1.7092738999570218e-09
10219.763685591559,1.1024503682798877e+20,9.51413182509967e-06,1.7136403465210752e-09
10224.763685591559,1.0999306918216404e+20,9.512123800166048e-06,1.7182894247386236e-09
10230.263685591559,1.0974725152712938e+20,9.509919948376884e-06,1.7232319700316237e-09
10236.313685591558,1.0950497820155552e+20,9.507501600161396e-06,1.728478855608323e-09
10242.968685591559,1.0926434703843087e+20,9.504848381451171e-06,1.7340411195618097e-09
10250.289185591559,1.0902391313428978e+20,9.501938071334752e-06,1.7399300852843523e-09
10258.341735591559,1.0878253864979869e+20,9.49874645022633e-06,1.746157501244956e-09
10267.199540591559,1.0853929862322068e+20,9.49524713837263e-06,1.7527356958874552e-09
10276.943126091559,1.0829342028023846e+20,9.491411424616675e-06,1.7596777426867684e-09
10287.66107014156,1.0804424282552753e+20,9.487208085450383e-06,1.766997630693242e-09
10299.450808596559,1.0779119005971041e+20,9.482603194524016e-06,1.7747104370209205e-09
10312.41952089706,1.075337512443144e+20,9.477559922941441e-06,1.7828324996162193e-09
10326.68510442761,1.072714674253784e+20,9.472038330859435e-06,1.791381591061584e-09
10342.377246311215,1.0700392147567226e+20,9.465995151131371e-06,1.8003770967989833e-09
10359.63860238318,1.0673073074074329e+20,9.459383565993446e-06,1.8098402036326986e-09
10378.626094062342,1.0645154155460996e+20,9.452152978090545e-06,1.819794106360779e-09
10399.51233490942,1.0616602512861815e+20,9.444248777480514e-06,1.830264241674408e-09
10422.487199841205,1.0587387446956661e+20,9.435612106643938e-06,1.8412785589971716e-09
10447.75955126617,1.055748020837943e+20,9.426179625960408e-06,1.852867837813537e-09
10475.559137833632,1.0526853829187763e+20,9.415883282593155e-06,1.8650660604741543e-09
10506.13868305784,1.0495483002542273e+20,9.404650086247696e-06,1.8779108487267503e-09
10539.776182804468,1.0463344001032782e+20,9.392401895834608e-06,1.8914439715406218e-09
10576.777432525758,1.043041462643021e+20,9.37905522166425e-06,1.905711931330383e-09
10617.478807219179,1.0396674185329077e+20,9.36452104842568e-06,1.9207666355110133e-09
10662.250319381941,1.0362103486373927e+20,9.34870468484128e-06,1.9366661604302786e-09
10711.498982760979,1.0326684855659045e+20,9.331505646529665e-06,1.9534756150908627e-09
10765.67251247792,1.0290402167551322e+20,9.312817579235146e-06,1.971268112664889e-09
10825.263395166558,1.025324088866644e+20,9.292528230171015e-06,1.9901258586298247e-09
10890.813366124057,1.0215188133079661e+20,9.27051947575196e-06,2.0101413654905822e-09
10962.918334177308,1.017623272710249e+20,9.246667414428934e-06,2.031418805642812e-09
11042.233799035883,1.0136365282133813e+20,9.220842533656278e-06,2.0540755161986306e-09
11129.480810380315,1.0095578274217799e+20,9.192909960179884e-06,2.0782436728399597e-09
11225.45252285919,1.0260318619950947e+20,8.950646596913087e-06,1.9155735653318494e-09
11230.45252285919,8.853679282391902e+19,8.93375106289369e-06,1.8985633728804733e-09
11235.45252285919,6.971669749505687e+19,8.910969073855174e-06,1.881890424165286e-09
11240.45252285919,5.2267393529438134e+19,8.881188826363373e-06,1.868120406831325e-09
11245.45252285919,3.91327726669668e+19,8.843826451448758e-06,1.85792478447724e-09
11250.45252285919,3.0388047926917624e+19,8.799367881436697e-06,1.851762396266768e-09
11255.45252285919,2.4791981509332062e+19,8.750299500792754e-06,1.850450359919239e-09
11260.45252285919,2.117709728873725e+19,8.702548952571136e-06,1.855241663209334e-09
11265.45252285919,1.877760644189497e+19,8.667649090053874e-06,1.8677112579354682e-09
11270.45252285919,1.713420382686779e+19,8.665950949329406e-06,1.8896899107685386e-09
11275.45252285919,1.5973189814403287e+19,8.731419269101133e-06,1.923313837413517e-09
11280.45252285919,1.512808898765326e+19,8.918976855302492e-06,1.9711640427982997e-09
11285.45252285919,1.4494803054533603e+19,9.316325631050124e-06,2.0364705960512208e-09
11290.45252285919,1.4006451260496871e+19,1.0064379695969138e-05,2.123388498060975e-09
11295.45252285919,1.361901329519601e+19,1.1395638385928882e-05,2.2373793856535534e-09
11300.45252285919,1.3309859030897082e+19,1.357776288455408e-05,2.3837718878030714e-09
11305.95252285919,1.3096817777296794e+19,1.5586007163673788e-05,2.565298857317335e-09
11312.00252285919,1.2942454504567804e+19,1.7571085552127084e-05,2.784955636042081e-09
11318.65752285919,1.282530230951714e+19,1.9706889422251683e-05,3.0510171897002543e-09
11325.97802285919,1.2733607726261504e+19,2.212010682673176e-05,3.375371118397078e-09
11334.03057285919,1.2660456301515794e+19,2.493286526044581e-05,3.774150685122373e-09
11342.88837785919,1.2601509025679004e+19,2.8288487623777536e-05,4.269212971096588e-09
11352.63196335919,1.255391951246915e+19,3.2370756601760014e-05,4.89029608148656e-09
11363.34990740919,1.2515761862145653e+19,3.7426587327683135e-05,5.67803573393584e-09
11375.13964586419,1.248570990752503e+19,4.379759695521748e-05,6.688172426078741e-09
11388.10835816469,1.2462846543715127e+19,5.1967626565170616e-05,7.99758639530883e-09
11402.373941695241,1.244654551147811e+19,6.263690458942359e-05,9.713472016366902e-09
11418.066083578846,1.2436395661303618e+19,7.684088674059227e-05,1.1988391938486954e-08
11435.327439650811,1.2432151194532463e+19,9.614539800724098e-05,1.5046788513583814e-08
11454.314931329973,1.2433698374013016e+19,0.0001229751284252733,1.9234006018587136e-08
11474.314931329973,1.2440543842024403e+19,0.00015911330327205504,2.4794258336653615e-08
11494.314931329973,1.2451441606287178e+19,0.00020521746982891565,3.182448010859539e-08
11514.314931329973,1.2465560065624613e+19,0.00026389319878184874,4.075508024833116e-08
11534.314931329973,1.248228818283673e+19,0.00033838440017217107,5.215868820100678e-08
11554.314931329973,1.2501166101661053e+19,0.00043272040238850234,6.678935479089989e-08
11574.314931329973,1.2521840432413458e+19,0.0005518944134519277,8.563118172653428e-08
11594.314931329973,1.254403457200506e+19,0.0007020796290190313,1.0995913087684849e-07
11614.314931329973,1.2567528480430565e+19,0.0008908903747384555,1.4141532025194306e-07
11634.314931329973,1.2592144575130247e+19,0.0011276969870116173,1.8210477848327628e-07
11654.314931329973,1.2617737684460851e+19,0.0014240046710826482,2.347154441717723e-07
11674.314931329973,1.2644187756188498e+19,0.0017939083588413111,3.0266819817495203e-07
11694.314931329973,1.2671394474667145e+19,0.0022546376555155883,3.90303943373884e-07
11714.314931329973,1.2995112186983827e+19,0.0019672108533745946,4.5349342452360146e-07
11719.314931329973,1.3131762169208904e+19,0.001893579928555299,4.672878664714374e-07
11724.314931329973,1.3322079701604252e+19,0.0018277826345260006,4.791119068688656e-07
11729.314931329973,1.3578251302667854e+19,0.0017736084007237828,4.891942306785019e-07
11734.314931329973,1.3923632941319483e+19,0.0017309227301767652,4.978011345518312e-07
11739.314931329973,1.4397272144458373e+19,0.0016982251278287162,5.052066917999385e-07
11744.314931329973,1.5064053596660361e+19,0.0016736804435045708,5.116822353140141e-07
11749.314931329973,1.603444702424286e+19,0.0016555450175986905,5.174914070997565e-07
11754.314931329973,1.750338829170127e+19,0.0016423244936950377,5.228879002251853e-07
11759.314931329973,1.9828622901219635e+19,0.001632807067386099,5.281141369352525e-07
11764.314931329973,2.368934067732921e+19,0.0016260421146190075,5.333979892799793e-07
11769.314931329973,3.0373127644097245e+19,0.0016212993204840348,5.389418103726295e-07
11774.314931329973,4.1859267865888285e+19,0.0016180252705618083,5.448945620962868e-07
11779.314931329973,5.871035576751979e+19,0.0016158047705712166,5.51299679743443e-07
11784.314931329973,7.831800384016343e+19,0.001614329113926441,5.580301405401865e-07
11789.314931329973,9.822365182043842e+19,0.001613371087840048,5.64758202132377e-07
11793.860385875427,1.0998307050229005e+20,0.0016127966287636556,5.705031904279477e-07
11797.992617280386,1.1344564507666326e+20,0.0016124465701243416,5.751265408954284e-07
11801.749191284895,1.1252982872364222e+20,0.001612195581155204,5.779232755897159e-07
11805.16425856172,1.1207449725216422e+20,0.0016119772993312788,5.79294195849144e-07
11808.920832566228,1.1170972832567748e+20,0.001611739184615459,5.805408415029109e-07
11813.053063971187,1.1139043336189944e+20,0.001611477973045639,5.818371315296314e-07
11817.598518516641,1.1109822834595617e+20,0.001611191236130071,5.832134736291208e-07
11822.598518516641,1.108230974701277e+20,0.001610876491921656,5.846768327635287e-07
11828.098518516641,1.1055890624691067e+20,0.001610531059480567,5.86230984486487e-07
11834.14851851664,1.1030161235624154e+20,0.0016101520116557568,5.878790921018138e-07
11840.80351851664,1.1004841341019996e+20,0.0016097361533457602,5.896243474104779e-07
11848.12401851664,1.0979727522121718e+20,0.001609279998936691,5.914700142459341e-07
11856.176568516641,1.0954665847102148e+20,0.0016087797482093045,5.93419472903703e-07
11865.03437351664,1.0929535459152642e+20,0.0016082312606756103,5.954762688571684e-07
11874.777959016641,1.0904238397379632e+20,0.0016076300283241467,5.976441640338721e-07
11885.495903066641,1.087869307806062e+20,0.0016069711467694907,5.999271889960554e-07
11897.285641521641,1.0852829985722607e+20,0.0016062492848212247,6.023296947544171e-07
11910.254353822142,1.0826588738226307e+20,0.0016054586525108435,6.048564035790937e-07
11924.519937352692,1.0799916033361237e+20,0.0016045929676425969,6.075124589804527e-07
11940.212079236297,1.0772764179171813e+20,0.001603645420966581,6.103034759028292e-07
11957.473435308262,1.0745090022673606e+20,0.0016026086401104752,6.132355929817737e-07
11976.460926987424,1.0716854158067506e+20,0.0016014746524505722,6.16315529349089e-07
11997.347167834501,1.0688020335935154e+20,0.001600234847153967,6.195506488585824e-07
12020.322032766288,1.0658555020163835e+20,0.0015988799366822737,6.229490347318294e-07
12045.594384191252,1.0628427055625545e+20,0.0015973999181132018,6.265195775236428e-07
12073.393970758714,1.0597607420400774e+20,0.001595784034709593,6.30272079055787e-07
12103.973515982922,1.0566069043625807e+20,0.0015940207382460004,6.342173746533174e-07
12137.61101572955,1.0533786675074859e+20,0.0015920976526897896,6.383674757191176e-07
12174.61226545084,1.0500736796124743e+20,0.0015900015399264024,6.427357344502287e-07
12215.31364014426,1.0466897564264204e+20,0.0015877182683157606,6.473370323546441e-07
12260.085152307023,1.0432248785126913e+20,0.0015852327849671974,6.521879941642968e-07
12309.333815686061,1.0396771907341487e+20,0.0015825290927220165,6.573072287415848e-07
12363.507345403003,1.0360450036459276e+20,0.001579590232933345,6.627155986269186e-07
12423.09822809164,1.0323267964923788e+20,0.0015763982752292358,6.684365199695358e-07
12488.64819904914,1.028521221556557e+20,0.0015729343155336992,6.744962947380096e-07
12560.75316710239,1.024627109648037e+20,0.0015691784836970063,6.809244773566945e-07
12640.068631960965,1.020643476542009e+20,0.0015651099621466925,6.877542783181166e-07
12727.315643305397,1.0165695302022663e+20,0.0015607070170088782,6.950230079596433e-07
12823.287355784272,1.217599026911749e+20,0.0015275194172080634,6.464304251825769e-07
12828.287355784272,1.0593711506393055e+20,0.0015251738815134168,6.404815043478399e-07
12833.287355784272,8.310704282499169e+19,0.0015219594954509299,6.34403605593618e-07
12838.287355784272,6.144109682933601e+19,0.001517678566698859,6.291331063512453e-07
12843.287355784272,4.512114428031905e+19,0.001512183437110292,6.249090832480941e-07
12848.287355784272,3.4400026520692335e+19,0.0015054407162954243,6.218134870162617e-07
12853.287355784272,2.7681086292652245e+19,0.0014976459284500808,6.200003399203394e-07
12858.287355784272,2.3424000858586255e+19,0.0014894037220810471,6.197615977153369e-07
12863.287355784272,2.0642698151730516e+19,0.001482000267450688,6.214954992180322e-07
12868.287355784272,1.8763175050370044e+19,0.001477806779354035,6.256673608136489e-07
12873.287355784272,1.7451104698562642e+19,0.0014808736993433245,6.328041441005389e-07
12878.287355784272,1.6506634015037364e+19,0.0014978149493544582,6.43519353126239e-07
12883.287355784272,1.580647877316357e+19,0.0015391660745723876,6.585554903848006e-07
12888.287355784272,1.5272271298542946e+19,0.0016215877302544932,6.788394870722837e-07
12893.287355784272,1.4852869619337828e+19,0.001771711619370116,7.055549524995013e-07
12898.287355784272,1.4514132904364478e+19,0.002033412835494972,7.40240522313172e-07
12903.287355784272,1.4277053831235858e+19,0.0023161981708639335,7.808543875205779e-07
12908.787355784272,1.4106372168207786e+19,0.002577261331017097,8.297538001169144e-07
12914.837355784271,1.3977815631568194e+19,0.0028395743345985018,8.879612466702424e-07
12921.492355784272,1.3877403266654562e+19,0.0031211950658700228,9.573784530391882e-07
12928.812855784272,1.3797086664975866e+19,0.003435553551471707,1.040601876119245e-06
12936.865405784272,1.373191366834855e+19,0.0037957030492365047,1.1410611976106683e-06
12945.723210784272,1.3678667122546969e+19,0.004216652775942397,1.2632860114454045e-06
12955.466796284272,1.3635179464057985e+19,0.004717082428103589,1.4132813657359318e-06
12966.184740334273,1.3599954944948038e+19,0.00532126251434089,1.5990381685850315e-06
12977.974478789272,1.3571949638402585e+19,0.006061605097876194,1.8312247895806917e-06
12990.943191089773,1.3550436658814796e+19,0.006982330722487285,2.124146808547383e-06
13005.208774620323,1.3534920506403164e+19,0.008144935265790453,2.497149337782134e-06
13020.900916503928,1.3525081082991022e+19,0.00963654448335746,2.9768140381112382e-06
13038.162272575893,1.352073633505134e+19,0.01158295992304268,3.6006363562836595e-06
13057.149764255055,1.3521816989904892e+19,0.014169467228857624,4.4234677310078436e-06
13077.149764255055,1.3527902481067248e+19,0.017493575252776707,5.472250222828555e-06
13097.149764255055,1.3537852192121553e+19,0.02154326372137458,6.742627640305714e-06
13117.149764255055,1.3550887694509238e+19,0.02646877045431014,8.28553171592393e-06
13137.149764255055,1.3566434256606697e+19,0.032449159268345615,1.016592879352077e-05
13157.149764255055,1.3584057531792536e+19,0.039697542829117145,1.2465800812096501e-05
13177.149764255055,1.3603422506256267e+19,0.0484671571712199,1.5287618019489305e-05
13197.149764255055,1.3624266104520653e+19,0.059058423074891814,1.8758455984530322e-05
13217.149764255055,1.3646378436086688e+19,0.07182714587532314,2.3034924376747418e-05
13237.149764255055,1.3669589661370102e+19,0.08719402464192755,2.8309091334342022e-05
13257.149764255055,1.369376060299296e+19,0.10565566388660469,3.4815607724703594e-05
13277.149764255055,1.371877590948087e+19,0.12779730612128454,4.2840261808996435e-05
13297.149764255055,1.3744538993705224e+19,0.15430753187246624,5.27302276981441e-05
13317.149764255055,1.4142157734189679e+19,0.13195425950826004,5.897786878366639e-05
13322.149764255055,1.4304831250854519e+19,0.12725379141151294,6.032902291478322e-05
13327.149764255055,1.4528918522735604e+19,0.1233557932192301,6.148308724469116e-05
13332.149764255055,1.483131496769965e+19,0.12026175075325068,6.246837270710257e-05
13337.149764255055,1.524297814065068e+19,0.11787566053390819,6.33150675724616e-05
13342.149764255055,1.5815709228291672e+19,0.11607326695474231,6.40531805275448e-05
13347.149764255055,1.6636814124631536e+19,0.11473353403405216,6.471185785267263e-05
13352.149764255055,1.7857957724219791e+19,0.11375109082476612,6.531913247073561e-05
13357.149764255055,1.975286236550486e+19,0.11303952106466057,6.590184474339981e-05
13362.149764255055,2.2834382971056177e+19,0.1125304501643852,6.648548228579893e-05
13367.149764255055,2.8084694606279913e+19,0.11217099282193785,6.709345526217292e-05
13372.149764255055,3.724297315301107e+19,0.11192084790748986,6.774492000178307e-05
13377.149764255055,5.197679105689205e+19,0.11174962593067812,6.845007037352211e-05
13382.149764255055,7.065026052264895e+19,0.11163461686230965,6.920296182426646e-05
13387.149764255055,9.109625560621675e+19,0.11155901454351654,6.997542907450693e-05
13391.695218800509,1.0662079047069822e+20,0.11151308272469372,7.065631014660948e-05
13395.827450205468,1.1371156285329832e+20,0.11148471167172594,7.122228491274092e-05
13399.584024209977,1.1430403361540409e+20,0.11146689793082298,7.167083705005379e-05
13403.716255614936,1.1344828827457503e+20,0.11144943562115048,7.190101468258862e-05
13407.472829619444,1.1297968594809312e+20,0.11143385867595024,7.205006380697104e-05
13411.605061024404,1.1260251650297651e+20,0.1114167977728726,7.219977811282731e-05
13416.150515569858,1.1227385529638361e+20,0.1113980742266792,7.235787020514628e-05
13421.150515569858,1.1197404762038646e+20,0.11137752344115776,7.252574905513893e-05
13426.650515569858,1.1169224097302284e+20,0.1113549698440534,7.270389216189723e-05
13432.700515569857,1.1142185474384152e+20,0.11133022232878206,7.289265952316472e-05
13439.355515569858,1.1115862109324739e+20,0.11130307227099591,7.309239352924456e-05
13446.676015569858,1.108996143710609e+20,0.11127329201941545,7.33034430785673e-05
13454.728565569858,1.1064272627635587e+20,0.11124063330400259,7.352616882664648e-05
13463.586370569858,1.1038636848047825e+20,0.11120482553844853,7.37609487451593e-05
13473.329956069858,1.101292974257848e+20,0.11116557401509504,7.400818391951063e-05
13484.047900119858,1.098705071911518e+20,0.11112255799156887,7.42683043806621e-05
13495.837638574858,1.0960916151734333e+20,0.11107542866961023,7.45417748127359e-05
13508.806350875358,1.0934454911666899e+20,0.1110238070680082,7.482910005422177e-05
13523.071934405909,1.0907605332128376e+20,0.11096728179324403,7.513083040717989e-05
13538.764076289513,1.0880313088356083e+20,0.11090540671345649,7.544756687209114e-05
13556.025432361479,1.0852529682306384e+20,0.11083769854372699,7.5779966520858e-05
13575.01292404064,1.0824211339625675e+20,0.1107636343534926,7.612874829364208e-05
13595.899164887718,1.07953181956751e+20,0.11068264901017755,7.649469954827538e-05
13618.874029819504,1.0765813689239591e+20,0.11059413257691902,7.687868370198949e-05
13644.146381244469,1.0735664108723764e+20,0.11049742768655098,7.728164928869394e-05
13671.945967811931,1.0704838252504534e+20,0.11039182691881921,7.770464072004337e-05
13702.525513036138,1.0673307176272558e+20,0.11027657021307924,7.81488109957402e-05
13736.163012782767,1.0641044007756207e+20,0.11015084235446976,7.861543656723801e-05
13773.164262504057,1.0608023814441235e+20,0.11001377057768513,7.910593452525896e-05
13813.865637197478,1.057422351356331e+20,0.10986442233893208,7.962188225746105e-05
13858.63714936024,1.0539621816261003e+20,0.10970180331335436,8.016503970724596e-05
13907.885812739278,1.0504199199655164e+20,0.10952485568201827,8.07373743555937e-05
13962.05934245622,1.0467937901983923e+20,0.10933245677932636,8.134108904254239e-05
14021.650225144856,1.0430821936920637e+20,0.10912341817825859,8.197865274248746e-05
14087.200196102356,1.0392837123927882e+20,0.10889648529690897,8.265283440891979e-05
14159.305164155607,1.0353971132033322e+20,0.10865033761510161,8.336674001304566e-05
14238.620629014182,1.0314213534797401e+20,0.10838358959413118,8.412385292278551e-05
14325.867640358614,1.0273555874521119e+20,0.10809479239551603,8.492807781217418e-05
14421.839352837489,1.3487377092427681e+20,0.10612258210311827,7.959850821208046e-05
14426.839352837489,1.1845287454043613e+20,0.10598208543193285,7.887429450076511e-05
14431.839352837489,9.32401494812786e+19,0.10578740411240244,7.811494032387259e-05
14436.839352837489,6.8631400708628546e+19,0.10552483524963469,7.743858123523805e-05
14441.839352837489,4.994708211956665e+19,0.10518268226321036,7.687702293415161e-05
14446.839352837489,3.770150580734781e+19,0.10475456562744846,7.643631671128847e-05
14451.839352837489,3.0105645226416914e+19,0.10424556046035725,7.612618191254096e-05
14456.839352837489,2.5350247344759067e+19,0.103681972167353,7.597163948446467e-05
14461.839352837489,2.2275469845868667e+19,0.10312620112235257,7.601069007913863e-05
14466.839352837489,2.0215896576442323e+19,0.10269876116575719,7.628873197269128e-05
14471.839352837489,1.8789259639859724e+19,0.10261047850473164,7.685628989296426e-05
14476.839352837489,1.776959602880771e+19,0.10320964188956465,7.777047461583625e-05
14481.839352837489,1.7018815783366349e+19,0.10505238938821133,7.909849783328636e-05
14486.839352837489,1.6449817668656454e+19,0.10901220444949378,8.092224500078955e-05
14491.839352837489,1.6006111433495742e+19,0.11646120563788036,8.334391914495574e-05
14496.839352837489,1.5650167690910407e+19,0.12959349078871477,8.649334706384372e-05
14501.839352837489,1.538281507274614e+19,0.14701114020534492,9.032883990110951e-05
14507.339352837489,1.5194413326692102e+19,0.16246711799586974,9.496616627607514e-05
14513.389352837488,1.5055151399268063e+19,0.17731999818108293,0.00010045240434301127
14520.044352837489,1.4947801294972967e+19,0.1927675418220954,0.00010693331199117403
14527.364852837489,1.4862710043413172e+19,0.20958205829363594,0.00011461403665122491
14535.41740283749,1.4794076941527771e+19,0.22841950580774537,0.00012376338657724075
14544.275207837489,1.4738198721967925e+19,0.2499723478161903,0.00013473112072139097
14554.01879333749,1.4692611911783209e+19,0.27505537579952755,0.0001479731350113169
14564.73673738749,1.4655630913981985e+19,0.30468435810440203,0.00016408548589639055
14576.52647584249,1.4626084495574219e+19,0.34016874208637293,0.00018384958788088225
14589.49518814299,1.4603156882127397e+19,0.38323661521393737,0.00020829306448290374
14603.76077167354,1.4586288054922762e+19,0.436212539370481,0.00023877508105733046
14619.452913557145,1.4575109253919193e+19,0.5022783133839019,0.00027711379006199684
14636.71426962911,1.4569400284751493e+19,0.5858638045754596,0.0003257896296730617
14655.701761308272,1.4569060811930245e+19,0.6932442911669839,0.0003882858041444721
14675.701761308272,1.4573706167925385e+19,0.8264691577295915,0.00046561827407878565
14695.701761308272,1.458225200145137e+19,0.9832569127461054,0.0005564231374372785
14715.701761308272,1.4593908281600248e+19,1.1675786479767776,0.0006631607971713243
14735.701761308272,1.4608093201733485e+19,1.3840127812135627,0.0007888780160095736
14755.701761308272,1.4624368027947463e+19,1.6378350558385817,0.0009373069821363252
14775.701761308272,1.4642394995815459e+19,1.9351194484413259,0.001112973161025255
14795.701761308272,1.4661909296957286e+19,2.282851628734178,0.001321316635394019
14815.701761308272,1.468269995150499e+19,2.6890566517766787,0.001568831620366174
14835.701761308272,1.4704596442638944e+19,3.16294266125501,0.0018632287375445755
14855.701761308272,1.4727459181954918e+19,3.715062522141489,0.0022136245850208334
14875.701761308272,1.4751172579599098e+19,4.357495470744563,0.0026307632223258963
14895.701761308272,1.4775639921886e+19,5.104051064862866,0.0031272744258991248
14915.701761308272,1.5133822622828347e+19,4.440450245710922,0.0034536851064846698
14920.701761308272,1.5282587378946083e+19,4.290511235534073,0.003524417969345462
14925.701761308272,1.5488617562104426e+19,4.162746016225853,0.0035848771330698696
14930.701761308272,1.576622952840348e+19,4.059897273188704,0.00363651694238212
14935.701761308272,1.6142212755226006e+19,3.9798594720551947,0.0036809005967162
14940.701761308272,1.666135345639955e+19,3.9189953978790264,0.003719577736871741
14945.701761308272,1.739856944798228e+19,3.873509289225401,0.003754049105415982
14950.701761308272,1.84826504407448e+19,3.8399954506195395,0.0037857556004856777
14955.701761308272,2.0143377019085316e+19,3.8156132442920043,0.003816077061590493
14960.701761308272,2.2806875980281446e+19,3.7980908513949334,0.0038463297121252584
14965.701761308272,2.728712402003049e+19,3.785658187111327,0.0038777418077165517
14970.701761308272,3.509309719780486e+19,3.776959197602662,0.003911367300765816
14975.701761308272,4.818224767591021e+19,3.7709671088382932,0.003947879330374852
14980.701761308272,6.605341339047337e+19,3.7669119073469837,0.003987217383322445
14985.701761308272,8.617379303254093e+19,3.764221915080532,0.004028212671822405
14990.247215853726,1.0353795464551073e+20,3.7625714152931136,0.004065075343615043
14994.379447258685,1.1317003017075451e+20,3.7615412478588035,0.004096370666507605
14998.136021263193,1.1602126032838569e+20,3.7608874812955566,0.0041216794112335815
15001.551088540018,1.1514531287986009e+20,3.760413075825499,0.00413731123814699
15004.655695155314,1.1470711102737382e+20,3.7600044585217876,0.004145012821835666
15008.070762432139,1.1435534820547168e+20,3.7595598733692133,0.0041519325463380335
15011.827336436647,1.1404694557989452e+20,3.7590723996213873,0.004159107388336766
15015.959567841606,1.1376446195803218e+20,3.7585373278826877,0.004166733416400339
15020.50502238706,1.1349836999242903e+20,3.757949986086835,0.004174856655324467
15025.50502238706,1.1324279608959533e+20,3.757305356177498,0.004183501106119584
15031.00502238706,1.1299383759115837e+20,3.7565979594939702,0.004192685766964095
15037.05502238706,1.1274877498048076e+20,3.7558218111254855,0.004202429521989841
15043.71002238706,1.1250562933410598e+20,3.7549703760750335,0.004212751340453092
15051.03052238706,1.1226290197317134e+20,3.7540365222594003,0.004223670472909422
15059.08307238706,1.1201941610385528e+20,3.7530124701895593,0.0042352066808350195
15067.94087738706,1.1177421771087097e+20,3.751889739238502,0.004247380491359841
15077.68446288706,1.1152651179286677e+20,3.750659090428377,0.0042602134674376195
15088.40240693706,1.1127562016967845e+20,3.749310465697908,0.004273728484205765
15100.19214539206,1.110209527793646e+20,3.7478329236453853,0.004287950004250129
15113.160857692561,1.1076198764026112e+20,3.7462145717830877,0.0043029043478414524
15127.426441223111,1.1049825654098724e+20,3.744442495387255,0.004318619958548488
15143.118583106716,1.1022933462784547e+20,3.7425026830855432,0.004335127669350728
15160.379939178682,1.0995483271787592e+20,3.7403799493930294,0.004352460978783477
15179.367430857843,1.0967439156660583e+20,3.738057854490154,0.004370656350128783
15200.25367170492,1.0938767756961954e+20,3.7355186216331413,0.004389753548805695
15223.228536636707,1.0909437953748314e+20,3.7327430527002052,0.004409796033790636
15248.500888061672,1.0879420628922719e+20,3.7297104425058025,0.004430831418284891
15276.300474629134,1.0848688488084917e+20,3.7263984926602407,0.004452912013323745
15306.88001985334,1.0817215933443713e+20,3.7227832259122757,0.0044760954660568505
15340.51751959997,1.0784978976794021e+20,3.7188389020872523,0.004500445502436575
15377.51876932126,1.0751955185012942e+20,3.7145379369209652,0.004526032782303189
15418.22014401468,1.071812365229543e+20,3.7098508252885494,0.004552935873455054
15462.991656177443,1.0683464994633328e+20,3.7047460705350637,0.004581242350200952
15512.24031955648,1.064796136298327e+20,3.6991901218275576,0.004611050021002995
15566.413849273422,1.0611596472260485e+20,3.6931473216622286,0.0046424682890263335
15626.004731962059,1.0574355643801346e+20,3.6865798658700455,0.004675619648674313
